"img_file_name"	"img_rank"	"object_id"	"object_lat"	"object_lon"	"object_date"	"object_time"	"object_link"	"object_depth_min"	"object_depth_max"	"object_annotation_status"	"object_annotation_person_name"	"object_annotation_person_email"	"object_annotation_date"	"object_annotation_time"	"object_annotation_category"	"object_annotation_category_id"	"object_lat_end"	"object_lon_end"	"object_area"	"object_mean"	"object_stddev"	"object_mode"	"object_min"	"object_max"	"object_x"	"object_y"	"object_xm"	"object_ym"	"object_perim."	"object_bx"	"object_by"	"object_width"	"object_height"	"object_major"	"object_minor"	"object_angle"	"object_circ."	"object_feret"	"object_intden"	"object_median"	"object_skew"	"object_kurt"	"object_%area"	"object_xstart"	"object_ystart"	"object_area_exc"	"object_fractal"	"object_skelarea"	"object_slope"	"object_histcum1"	"object_histcum2"	"object_histcum3"	"object_xmg5"	"object_ymg5"	"object_nb1"	"object_nb2"	"object_nb3"	"object_compentropy"	"object_compmean"	"object_compslope"	"object_compm1"	"object_compm2"	"object_compm3"	"object_symetrieh"	"object_symetriev"	"object_symetriehc"	"object_symetrievc"	"object_convperim"	"object_convarea"	"object_fcons"	"object_thickr"	"object_tag"	"object_esd"	"object_elongation"	"object_range"	"object_meanpos"	"object_centroids"	"object_cv"	"object_sr"	"object_perimareaexc"	"object_feretareaexc"	"object_perimferet"	"object_perimmajor"	"object_circex"	"object_cdexc"	"sample_id"	"sample_dataportal_descriptor"	"sample_scan_operator"	"sample_ship"	"sample_program"	"sample_stationid"	"sample_bottomdepth"	"sample_ctdrosettefilename"	"sample_other_ref"	"sample_tow_nb"	"sample_tow_type"	"sample_net_type"	"sample_net_mesh"	"sample_net_surf"	"sample_zmax"	"sample_zmin"	"sample_tot_vol"	"sample_comment"	"sample_tot_vol_qc"	"sample_depth_qc"	"sample_sample_qc"	"sample_barcode"	"sample_duration"	"sample_ship_speed"	"sample_cable_length"	"sample_cable_angle"	"sample_cable_speed"	"sample_nb_jar"	"sample_open"	"process_id"	"process_date"	"process_time"	"process_img_software_version"	"process_img_resolution"	"process_img_od_grey"	"process_img_od_std"	"process_img_background_img"	"process_particle_version"	"process_particle_threshold"	"process_particle_pixel_size_mm"	"process_particle_min_size_mm"	"process_particle_max_size_mm"	"process_particle_sep_mask"	"process_particle_bw_ratio"	"process_software"	"acq_id"	"acq_instrument"	"acq_min_mesh"	"acq_max_mesh"	"acq_sub_part"	"acq_sub_method"	"acq_hardware"	"acq_software"	"acq_author"	"acq_imgtype"	"acq_scan_date"	"acq_scan_time"	"acq_quality"	"acq_bitpixel"	"acq_greyfrom"	"acq_scan_resolution"	"acq_rotation"	"acq_miror"	"acq_xsize"	"acq_ysize"	"acq_xoffset"	"acq_yoffset"	"acq_lut_color_balance"	"acq_lut_filter"	"acq_lut_min"	"acq_lut_max"	"acq_lut_odrange"	"acq_lut_ratio"	"acq_lut_16b_median"
"[t]"	"[t]"	"[t]"	"[f]"	"[f]"	"[t]"	"[t]"	"[t]"	"[f]"	"[f]"	"[t]"	"[t]"	"[t]"	"[t]"	"[t]"	"[t]"	"[t]"	"[f]"	"[f]"	"[f]"	"[f]"	"[f]"	"[f]"	"[f]"	"[f]"	"[f]"	"[f]"	"[f]"	"[f]"	"[f]"	"[f]"	"[f]"	"[f]"	"[f]"	"[f]"	"[f]"	"[f]"	"[f]"	"[f]"	"[f]"	"[f]"	"[f]"	"[f]"	"[f]"	"[f]"	"[f]"	"[f]"	"[f]"	"[f]"	"[f]"	"[f]"	"[f]"	"[f]"	"[f]"	"[f]"	"[f]"	"[f]"	"[f]"	"[f]"	"[f]"	"[f]"	"[f]"	"[f]"	"[f]"	"[f]"	"[f]"	"[f]"	"[f]"	"[f]"	"[f]"	"[f]"	"[f]"	"[f]"	"[f]"	"[f]"	"[f]"	"[f]"	"[f]"	"[f]"	"[f]"	"[f]"	"[f]"	"[f]"	"[f]"	"[f]"	"[f]"	"[t]"	"[t]"	"[t]"	"[t]"	"[t]"	"[t]"	"[t]"	"[t]"	"[t]"	"[t]"	"[t]"	"[t]"	"[t]"	"[t]"	"[t]"	"[t]"	"[t]"	"[t]"	"[t]"	"[t]"	"[t]"	"[t]"	"[t]"	"[t]"	"[t]"	"[t]"	"[t]"	"[t]"	"[t]"	"[t]"	"[t]"	"[t]"	"[t]"	"[t]"	"[t]"	"[t]"	"[t]"	"[t]"	"[t]"	"[t]"	"[t]"	"[t]"	"[t]"	"[t]"	"[t]"	"[t]"	"[t]"	"[t]"	"[t]"	"[t]"	"[t]"	"[t]"	"[t]"	"[t]"	"[t]"	"[t]"	"[t]"	"[t]"	"[t]"	"[t]"	"[t]"	"[t]"	"[t]"	"[t]"	"[t]"	"[t]"	"[t]"	"[t]"	"[t]"	"[t]"	"[t]"	"[t]"	"[t]"	"[t]"
"zoopl_202205_130_d5_1_1.jpg"	0	"zoopl_202205_130_d5_1_1"	5.833333333333333	-5.833333333333333	"20220501"	"000000"	"http://www.zooscan.obs-vlfr.fr//"	1.0	5.0	"validated"	"Jonas Mortelmans"	"jonas.mortelmans@vliz.be"	"20220802"	"112137"	"fiber<detritus"	85076	5.833333333333333	-5.833333333333333	1579.0	216.3	18.998	240.0	174.0	243.0	41.31	80.12	41.24	79.5	603.94	6482.0	485.0	94.0	181.0	78.1	25.7	105.8	0.054	190.9	341537.0	219.0	-0.296	-1.137	0.0	6524.0	485.0	1579.0	1.185	245.0	0.157	199.0	218.0	233.0	0.0	0.0	0.0	8.0	0.0	0.0	0.0	0.0	0.0	0.0	0.0	17.716	17.843	24.0	24.0	546.0	10649.0	11.646	2.439	1.0	44.83798881681494	3.0	69.0	-0.6312056737588648	0.0	8.784096162736938	27.536231884057973	15.200079997122911	4.806647813659728	3.162303664921466	7.743589743589744	0.054389882022918765	0.0	"zoopl_202205_130"	"nan"	"jonas"	"simon"	"lifewatch"	"130"	"5"	"ref"	"5"	"5"	"1"	"wp2"	"5"	"1"	"5"	"1"	"5"	"5"	"1"	"1"	"1111"	"5"	"5"	"5"	"5"	"5"	"5"	"5"	"nan"	"zooprocess_zoopl_202205_130"	"20220802"	"12:39:00.000"	"8.03_picheral_cnrs"	"2400"	"nan"	"0"	"20220801_1024_background_narrow_manual.tif"	"8.09_2022/04/06_picheral_cnrs"	"243"	"0.0106"	"0.3"	"100"	"unused"	"0.0101"	"zooprocess_pid_to_ecotaxa_8.03_2021/11/10"	"d5_zoopl_202205_130"	"zooscan"	"10"	"200"	"32"	"motoda"	"hydroptic_v3"	"9.7.67"	"jonas"	"zooscan"	"20220802"	"12:34:00.000"	"nan"	"3"	"2"	"3"	"3"	"1"	"22192"	"46456"	"9706"	"4994"	"manual"	"no"	"668"	"55777"	"1.8"	"1.15"	"48502"
"zoopl_202205_130_d5_1_2.jpg"	0	"zoopl_202205_130_d5_1_2"	5.833333333333333	-5.833333333333333	"20220501"	"000000"	"http://www.zooscan.obs-vlfr.fr//"	1.0	5.0	"validated"	"Jonas Mortelmans"	"jonas.mortelmans@vliz.be"	"20220802"	"112137"	"fiber<detritus"	85076	5.833333333333333	-5.833333333333333	679.0	211.25	22.63	242.0	155.0	243.0	41.55	25.01	42.02	24.68	246.25	5778.0	814.0	89.0	62.0	67.0	12.9	37.8	0.141	106.8	143439.0	214.0	-0.389	-0.917	0.0	5861.0	814.0	679.0	1.114	101.0	0.062	192.0	213.0	231.0	0.0	0.0	0.0	4.0	0.0	0.0	0.0	0.0	0.0	0.0	0.0	11.8	11.48	15.0	15.0	298.0	1624.0	0.881	2.043	1.0	29.40288507740653	5.153846153846154	88.0	-0.5644444444444444	0.0	10.88757396449704	26.136363636363637	9.440613544376037	4.106283127025349	2.2990654205607477	3.671641791044776	0.1409968545037656	0.0	"zoopl_202205_130"	"nan"	"jonas"	"simon"	"lifewatch"	"130"	"5"	"ref"	"5"	"5"	"1"	"wp2"	"5"	"1"	"5"	"1"	"5"	"5"	"1"	"1"	"1111"	"5"	"5"	"5"	"5"	"5"	"5"	"5"	"nan"	"zooprocess_zoopl_202205_130"	"20220802"	"12:39:00.000"	"8.03_picheral_cnrs"	"2400"	"nan"	"0"	"20220801_1024_background_narrow_manual.tif"	"8.09_2022/04/06_picheral_cnrs"	"243"	"0.0106"	"0.3"	"100"	"unused"	"0.0101"	"zooprocess_pid_to_ecotaxa_8.03_2021/11/10"	"d5_zoopl_202205_130"	"zooscan"	"10"	"200"	"32"	"motoda"	"hydroptic_v3"	"9.7.67"	"jonas"	"zooscan"	"20220802"	"12:34:00.000"	"nan"	"3"	"2"	"3"	"3"	"1"	"22192"	"46456"	"9706"	"4994"	"manual"	"no"	"668"	"55777"	"1.8"	"1.15"	"48502"
"zoopl_202205_130_d5_1_3.jpg"	0	"zoopl_202205_130_d5_1_3"	5.833333333333333	-5.833333333333333	"20220501"	"000000"	"http://www.zooscan.obs-vlfr.fr//"	1.0	5.0	"predicted"	""	""	""	""	"Echinodermata XX"	16710	5.833333333333333	-5.833333333333333	2322.0	221.2	20.197	243.0	127.0	245.0	52.12	36.88	52.24	36.93	492.98	10908.0	1986.0	121.0	68.0	104.2	28.4	152.6	0.12	136.0	513625.0	227.0	-1.493	2.347	0.09	10913.0	1986.0	2320.0	1.241	262.0	0.263	211.0	226.0	235.0	0.0	0.0	7.0	4.0	0.0	0.0	0.0	0.0	0.0	0.0	0.0	5.339	5.399	4.0	3.0	374.0	4524.0	51.62	2.795	1.0	54.373359495942935	3.7142857142857144	118.0	-0.25265392781316365	0.0	9.041591320072333	16.94915254237288	10.235355391973451	2.823546315027159	3.625	4.740384615384615	0.11995103796071277	0.0	"zoopl_202205_130"	"nan"	"jonas"	"simon"	"lifewatch"	"130"	"5"	"ref"	"5"	"5"	"1"	"wp2"	"5"	"1"	"5"	"1"	"5"	"5"	"1"	"1"	"1111"	"5"	"5"	"5"	"5"	"5"	"5"	"5"	"nan"	"zooprocess_zoopl_202205_130"	"20220802"	"12:39:00.000"	"8.03_picheral_cnrs"	"2400"	"nan"	"0"	"20220801_1024_background_narrow_manual.tif"	"8.09_2022/04/06_picheral_cnrs"	"243"	"0.0106"	"0.3"	"100"	"unused"	"0.0101"	"zooprocess_pid_to_ecotaxa_8.03_2021/11/10"	"d5_zoopl_202205_130"	"zooscan"	"10"	"200"	"32"	"motoda"	"hydroptic_v3"	"9.7.67"	"jonas"	"zooscan"	"20220802"	"12:34:00.000"	"nan"	"3"	"2"	"3"	"3"	"1"	"22192"	"46456"	"9706"	"4994"	"manual"	"no"	"668"	"55777"	"1.8"	"1.15"	"48502"
"zoopl_202205_130_d5_1_4.jpg"	0	"zoopl_202205_130_d5_1_4"	5.833333333333333	-5.833333333333333	"20220501"	"000000"	"http://www.zooscan.obs-vlfr.fr//"	1.0	5.0	"validated"	"Jonas Mortelmans"	"jonas.mortelmans@vliz.be"	"20220802"	"112145"	"artefact"	85008	5.833333333333333	-5.833333333333333	4007.0	240.99	2.302	241.0	232.0	253.0	35.65	49.04	35.68	49.05	790.92	2068.0	3453.0	81.0	95.0	75.3	67.7	73.6	0.08	96.7	965666.0	241.0	-0.093	0.405	11.28	2110.0	3453.0	3555.0	1.479	1488.0	1.17	238.0	240.0	241.0	0.0	0.0	0.0	8.0	0.0	0.0	0.0	0.0	0.0	0.0	0.0	2.304	2.374	2.0	2.0	347.0	5420.0	116.368	3.956	1.0	71.42738169465403	1.1029411764705883	21.0	-1.3359288097886517	0.0	0.8299099547699075	9.523809523809524	13.266509763082082	1.626866557546096	8.154639175257731	10.546666666666667	0.07139971892073893	0.0	"zoopl_202205_130"	"nan"	"jonas"	"simon"	"lifewatch"	"130"	"5"	"ref"	"5"	"5"	"1"	"wp2"	"5"	"1"	"5"	"1"	"5"	"5"	"1"	"1"	"1111"	"5"	"5"	"5"	"5"	"5"	"5"	"5"	"nan"	"zooprocess_zoopl_202205_130"	"20220802"	"12:39:00.000"	"8.03_picheral_cnrs"	"2400"	"nan"	"0"	"20220801_1024_background_narrow_manual.tif"	"8.09_2022/04/06_picheral_cnrs"	"243"	"0.0106"	"0.3"	"100"	"unused"	"0.0101"	"zooprocess_pid_to_ecotaxa_8.03_2021/11/10"	"d5_zoopl_202205_130"	"zooscan"	"10"	"200"	"32"	"motoda"	"hydroptic_v3"	"9.7.67"	"jonas"	"zooscan"	"20220802"	"12:34:00.000"	"nan"	"3"	"2"	"3"	"3"	"1"	"22192"	"46456"	"9706"	"4994"	"manual"	"no"	"668"	"55777"	"1.8"	"1.15"	"48502"
"zoopl_202205_130_d5_1_5.jpg"	0	"zoopl_202205_130_d5_1_5"	5.833333333333333	-5.833333333333333	"20220501"	"000000"	"http://www.zooscan.obs-vlfr.fr//"	1.0	5.0	"predicted"	""	""	""	""	"Appendicularia"	85123	5.833333333333333	-5.833333333333333	1167.0	203.78	34.532	243.0	108.0	245.0	59.44	25.15	58.52	25.0	355.36	5397.0	3888.0	122.0	38.0	98.1	15.2	175.6	0.116	122.2	237809.0	212.0	-0.584	-0.838	0.26	5410.0	3888.0	1164.0	1.177	176.0	0.107	172.0	211.0	235.0	0.0	0.0	1.0	6.0	0.0	0.0	0.0	0.0	0.0	0.0	0.0	9.387	9.522	12.0	13.0	315.0	2903.0	17.868	2.8	1.0	38.54699143520717	6.533333333333333	137.0	-0.4303612445186886	0.0	17.175385219354204	25.547445255474454	10.405234276249749	3.57588332873935	2.9098360655737703	3.622448979591837	0.11606629950497184	0.0	"zoopl_202205_130"	"nan"	"jonas"	"simon"	"lifewatch"	"130"	"5"	"ref"	"5"	"5"	"1"	"wp2"	"5"	"1"	"5"	"1"	"5"	"5"	"1"	"1"	"1111"	"5"	"5"	"5"	"5"	"5"	"5"	"5"	"nan"	"zooprocess_zoopl_202205_130"	"20220802"	"12:39:00.000"	"8.03_picheral_cnrs"	"2400"	"nan"	"0"	"20220801_1024_background_narrow_manual.tif"	"8.09_2022/04/06_picheral_cnrs"	"243"	"0.0106"	"0.3"	"100"	"unused"	"0.0101"	"zooprocess_pid_to_ecotaxa_8.03_2021/11/10"	"d5_zoopl_202205_130"	"zooscan"	"10"	"200"	"32"	"motoda"	"hydroptic_v3"	"9.7.67"	"jonas"	"zooscan"	"20220802"	"12:34:00.000"	"nan"	"3"	"2"	"3"	"3"	"1"	"22192"	"46456"	"9706"	"4994"	"manual"	"no"	"668"	"55777"	"1.8"	"1.15"	"48502"
"zoopl_202205_130_d5_1_6.jpg"	0	"zoopl_202205_130_d5_1_6"	5.833333333333333	-5.833333333333333	"20220501"	"000000"	"http://www.zooscan.obs-vlfr.fr//"	1.0	5.0	"validated"	"Jonas Mortelmans"	"jonas.mortelmans@vliz.be"	"20220802"	"112137"	"fiber<detritus"	85076	5.833333333333333	-5.833333333333333	968.0	239.55	2.482	241.0	233.0	247.0	15.4	59.09	15.39	59.05	342.32	5670.0	5367.0	31.0	117.0	125.5	9.8	100.6	0.104	119.1	231889.0	240.0	-0.227	-0.715	1.86	5674.0	5367.0	950.0	1.184	248.0	0.271	237.0	239.0	240.0	0.0	0.0	1.0	5.0	0.0	0.0	0.0	0.0	0.0	0.0	0.0	10.496	10.573	15.0	15.0	292.0	1361.0	99.508	1.622	1.0	35.10692067532608	12.6	14.0	-1.137404580152668	0.0	0.8348987685243164	14.285714285714285	11.095945205344158	3.8608698229121483	2.8739495798319328	2.7142857142857144	0.10206603812832336	0.0	"zoopl_202205_130"	"nan"	"jonas"	"simon"	"lifewatch"	"130"	"5"	"ref"	"5"	"5"	"1"	"wp2"	"5"	"1"	"5"	"1"	"5"	"5"	"1"	"1"	"1111"	"5"	"5"	"5"	"5"	"5"	"5"	"5"	"nan"	"zooprocess_zoopl_202205_130"	"20220802"	"12:39:00.000"	"8.03_picheral_cnrs"	"2400"	"nan"	"0"	"20220801_1024_background_narrow_manual.tif"	"8.09_2022/04/06_picheral_cnrs"	"243"	"0.0106"	"0.3"	"100"	"unused"	"0.0101"	"zooprocess_pid_to_ecotaxa_8.03_2021/11/10"	"d5_zoopl_202205_130"	"zooscan"	"10"	"200"	"32"	"motoda"	"hydroptic_v3"	"9.7.67"	"jonas"	"zooscan"	"20220802"	"12:34:00.000"	"nan"	"3"	"2"	"3"	"3"	"1"	"22192"	"46456"	"9706"	"4994"	"manual"	"no"	"668"	"55777"	"1.8"	"1.15"	"48502"
"zoopl_202205_130_d5_1_7.jpg"	0	"zoopl_202205_130_d5_1_7"	5.833333333333333	-5.833333333333333	"20220501"	"000000"	"http://www.zooscan.obs-vlfr.fr//"	1.0	5.0	"validated"	"Jonas Mortelmans"	"jonas.mortelmans@vliz.be"	"20220802"	"112137"	"fiber<detritus"	85076	5.833333333333333	-5.833333333333333	856.0	239.75	2.469	241.0	233.0	248.0	14.28	51.93	14.27	51.92	313.69	5706.0	5367.0	27.0	106.0	110.1	9.9	100.7	0.109	108.3	205224.0	240.0	-0.239	-0.556	2.34	5708.0	5367.0	836.0	1.177	222.0	0.243	237.0	239.0	241.0	0.0	0.0	0.0	2.0	0.0	0.0	0.0	0.0	0.0	0.0	0.0	9.634	9.724	10.0	10.0	262.0	1185.0	113.538	1.351	1.0	33.01352829210018	11.0	15.0	-1.2222222222222223	0.0	0.8342022940563086	13.333333333333334	10.859917082697372	3.735258104876803	2.9074074074074074	2.8545454545454545	0.10655083201756936	0.0	"zoopl_202205_130"	"nan"	"jonas"	"simon"	"lifewatch"	"130"	"5"	"ref"	"5"	"5"	"1"	"wp2"	"5"	"1"	"5"	"1"	"5"	"5"	"1"	"1"	"1111"	"5"	"5"	"5"	"5"	"5"	"5"	"5"	"nan"	"zooprocess_zoopl_202205_130"	"20220802"	"12:39:00.000"	"8.03_picheral_cnrs"	"2400"	"nan"	"0"	"20220801_1024_background_narrow_manual.tif"	"8.09_2022/04/06_picheral_cnrs"	"243"	"0.0106"	"0.3"	"100"	"unused"	"0.0101"	"zooprocess_pid_to_ecotaxa_8.03_2021/11/10"	"d5_zoopl_202205_130"	"zooscan"	"10"	"200"	"32"	"motoda"	"hydroptic_v3"	"9.7.67"	"jonas"	"zooscan"	"20220802"	"12:34:00.000"	"nan"	"3"	"2"	"3"	"3"	"1"	"22192"	"46456"	"9706"	"4994"	"manual"	"no"	"668"	"55777"	"1.8"	"1.15"	"48502"
"zoopl_202205_130_d5_1_8.jpg"	0	"zoopl_202205_130_d5_1_8"	5.833333333333333	-5.833333333333333	"20220501"	"000000"	"http://www.zooscan.obs-vlfr.fr//"	1.0	5.0	"validated"	"Jonas Mortelmans"	"jonas.mortelmans@vliz.be"	"20220802"	"112137"	"fiber<detritus"	85076	5.833333333333333	-5.833333333333333	827.0	239.51	2.543	239.0	231.0	245.0	11.68	50.44	11.68	50.44	307.45	5638.0	5384.0	25.0	101.0	101.6	10.4	101.2	0.11	102.8	198076.0	240.0	-0.298	-0.521	1.69	5642.0	5384.0	813.0	1.167	199.0	0.231	237.0	239.0	240.0	0.0	0.0	1.0	2.0	0.0	0.0	0.0	0.0	0.0	0.0	0.0	8.927	8.989	11.0	11.0	247.0	1114.0	72.59	1.351	1.0	32.44948541188257	10.2	14.0	-0.6451233842538208	0.0	1.252557304496681	21.428571428571427	10.76696007581958	3.612367712734256	2.9805825242718447	3.0098039215686274	0.1083985963720995	0.0	"zoopl_202205_130"	"nan"	"jonas"	"simon"	"lifewatch"	"130"	"5"	"ref"	"5"	"5"	"1"	"wp2"	"5"	"1"	"5"	"1"	"5"	"5"	"1"	"1"	"1111"	"5"	"5"	"5"	"5"	"5"	"5"	"5"	"nan"	"zooprocess_zoopl_202205_130"	"20220802"	"12:39:00.000"	"8.03_picheral_cnrs"	"2400"	"nan"	"0"	"20220801_1024_background_narrow_manual.tif"	"8.09_2022/04/06_picheral_cnrs"	"243"	"0.0106"	"0.3"	"100"	"unused"	"0.0101"	"zooprocess_pid_to_ecotaxa_8.03_2021/11/10"	"d5_zoopl_202205_130"	"zooscan"	"10"	"200"	"32"	"motoda"	"hydroptic_v3"	"9.7.67"	"jonas"	"zooscan"	"20220802"	"12:34:00.000"	"nan"	"3"	"2"	"3"	"3"	"1"	"22192"	"46456"	"9706"	"4994"	"manual"	"no"	"668"	"55777"	"1.8"	"1.15"	"48502"
"zoopl_202205_130_d5_1_9.jpg"	0	"zoopl_202205_130_d5_1_9"	5.833333333333333	-5.833333333333333	"20220501"	"000000"	"http://www.zooscan.obs-vlfr.fr//"	1.0	5.0	"validated"	"Jonas Mortelmans"	"jonas.mortelmans@vliz.be"	"20220802"	"112145"	"artefact"	85008	5.833333333333333	-5.833333333333333	18207.0	238.51	3.754	241.0	216.0	250.0	74.87	101.98	74.96	101.92	2274.95	1603.0	5387.0	138.0	215.0	189.5	122.3	92.8	0.044	215.1	4342503.0	239.0	-0.654	0.45	4.99	1696.0	5387.0	17299.0	1.489	4336.0	4.219	235.0	238.0	240.0	0.0	0.0	8.0	21.0	0.0	0.0	0.0	0.0	0.0	0.0	0.0	2.276	2.298	2.0	2.0	702.0	23810.0	114.024	4.817	1.0	152.25594369676708	1.5573770491803278	34.0	-0.51043980453132	0.0	1.67707852920213	11.76470588235294	17.29700462953879	1.6346619759783914	10.581395348837209	11.973684210526315	0.04200181528951563	0.0	"zoopl_202205_130"	"nan"	"jonas"	"simon"	"lifewatch"	"130"	"5"	"ref"	"5"	"5"	"1"	"wp2"	"5"	"1"	"5"	"1"	"5"	"5"	"1"	"1"	"1111"	"5"	"5"	"5"	"5"	"5"	"5"	"5"	"nan"	"zooprocess_zoopl_202205_130"	"20220802"	"12:39:00.000"	"8.03_picheral_cnrs"	"2400"	"nan"	"0"	"20220801_1024_background_narrow_manual.tif"	"8.09_2022/04/06_picheral_cnrs"	"243"	"0.0106"	"0.3"	"100"	"unused"	"0.0101"	"zooprocess_pid_to_ecotaxa_8.03_2021/11/10"	"d5_zoopl_202205_130"	"zooscan"	"10"	"200"	"32"	"motoda"	"hydroptic_v3"	"9.7.67"	"jonas"	"zooscan"	"20220802"	"12:34:00.000"	"nan"	"3"	"2"	"3"	"3"	"1"	"22192"	"46456"	"9706"	"4994"	"manual"	"no"	"668"	"55777"	"1.8"	"1.15"	"48502"
"zoopl_202205_130_d5_1_10.jpg"	0	"zoopl_202205_130_d5_1_10"	5.833333333333333	-5.833333333333333	"20220501"	"000000"	"http://www.zooscan.obs-vlfr.fr//"	1.0	5.0	"validated"	"Jonas Mortelmans"	"jonas.mortelmans@vliz.be"	"20220802"	"112145"	"artefact"	85008	5.833333333333333	-5.833333333333333	11191.0	237.82	4.242	241.0	222.0	249.0	54.17	85.52	54.12	85.53	1393.28	1475.0	5400.0	104.0	170.0	157.0	90.7	90.4	0.072	171.6	2661407.0	238.0	-0.599	-0.012	4.48	1508.0	5400.0	10690.0	1.428	2561.0	2.436	234.0	237.0	240.0	0.0	0.0	3.0	7.0	0.0	0.0	0.0	0.0	0.0	0.0	0.0	2.321	2.361	2.0	2.0	544.0	13802.0	174.92	2.402	1.0	119.36843697197014	1.7252747252747254	27.0	-0.7067003792667517	0.0	1.681944327642755	14.814814814814813	13.47293652880002	1.6635643093708568	8.098837209302326	8.872611464968152	0.06922856610377266	0.0	"zoopl_202205_130"	"nan"	"jonas"	"simon"	"lifewatch"	"130"	"5"	"ref"	"5"	"5"	"1"	"wp2"	"5"	"1"	"5"	"1"	"5"	"5"	"1"	"1"	"1111"	"5"	"5"	"5"	"5"	"5"	"5"	"5"	"nan"	"zooprocess_zoopl_202205_130"	"20220802"	"12:39:00.000"	"8.03_picheral_cnrs"	"2400"	"nan"	"0"	"20220801_1024_background_narrow_manual.tif"	"8.09_2022/04/06_picheral_cnrs"	"243"	"0.0106"	"0.3"	"100"	"unused"	"0.0101"	"zooprocess_pid_to_ecotaxa_8.03_2021/11/10"	"d5_zoopl_202205_130"	"zooscan"	"10"	"200"	"32"	"motoda"	"hydroptic_v3"	"9.7.67"	"jonas"	"zooscan"	"20220802"	"12:34:00.000"	"nan"	"3"	"2"	"3"	"3"	"1"	"22192"	"46456"	"9706"	"4994"	"manual"	"no"	"668"	"55777"	"1.8"	"1.15"	"48502"
"zoopl_202205_130_d5_1_11.jpg"	0	"zoopl_202205_130_d5_1_11"	5.833333333333333	-5.833333333333333	"20220501"	"000000"	"http://www.zooscan.obs-vlfr.fr//"	1.0	5.0	"validated"	"Jonas Mortelmans"	"jonas.mortelmans@vliz.be"	"20220802"	"112145"	"artefact"	85008	5.833333333333333	-5.833333333333333	1226.0	241.82	1.712	243.0	236.0	249.0	14.27	49.21	14.27	49.2	646.95	1688.0	5844.0	34.0	100.0	85.6	18.2	97.9	0.037	100.6	296475.0	242.0	-0.157	0.777	11.09	1694.0	5844.0	1090.0	1.328	622.0	0.434	240.0	241.0	242.0	0.0	0.0	0.0	1.0	0.0	0.0	0.0	0.0	0.0	0.0	0.0	5.732	5.882	5.0	5.0	264.0	2251.0	372.641	3.184	1.0	39.5093872623369	4.777777777777778	13.0	-1.23367697594502	0.0	0.8270614506657845	15.384615384615385	19.59706493657763	3.0592017907176827	6.405940594059406	7.523255813953488	0.03272109288059143	0.0	"zoopl_202205_130"	"nan"	"jonas"	"simon"	"lifewatch"	"130"	"5"	"ref"	"5"	"5"	"1"	"wp2"	"5"	"1"	"5"	"1"	"5"	"5"	"1"	"1"	"1111"	"5"	"5"	"5"	"5"	"5"	"5"	"5"	"nan"	"zooprocess_zoopl_202205_130"	"20220802"	"12:39:00.000"	"8.03_picheral_cnrs"	"2400"	"nan"	"0"	"20220801_1024_background_narrow_manual.tif"	"8.09_2022/04/06_picheral_cnrs"	"243"	"0.0106"	"0.3"	"100"	"unused"	"0.0101"	"zooprocess_pid_to_ecotaxa_8.03_2021/11/10"	"d5_zoopl_202205_130"	"zooscan"	"10"	"200"	"32"	"motoda"	"hydroptic_v3"	"9.7.67"	"jonas"	"zooscan"	"20220802"	"12:34:00.000"	"nan"	"3"	"2"	"3"	"3"	"1"	"22192"	"46456"	"9706"	"4994"	"manual"	"no"	"668"	"55777"	"1.8"	"1.15"	"48502"
"zoopl_202205_130_d5_1_12.jpg"	0	"zoopl_202205_130_d5_1_12"	5.833333333333333	-5.833333333333333	"20220501"	"000000"	"http://www.zooscan.obs-vlfr.fr//"	1.0	5.0	"validated"	"Jonas Mortelmans"	"jonas.mortelmans@vliz.be"	"20220802"	"112145"	"artefact"	85008	5.833333333333333	-5.833333333333333	3583.0	242.55	2.036	243.0	234.0	250.0	46.0	41.45	46.0	41.47	976.11	1475.0	5878.0	95.0	82.0	79.9	57.1	51.7	0.047	101.4	869047.0	243.0	0.026	0.225	28.72	1533.0	5878.0	2554.0	1.517	1669.0	1.044	240.0	241.0	242.0	0.0	0.0	0.0	0.0	0.0	0.0	0.0	0.0	0.0	0.0	0.0	2.493	2.575	4.0	4.0	350.0	5351.0	270.828	4.125	1.0	67.54270714730117	1.4035087719298245	16.0	-0.8713450292397636	0.0	0.8245722531436817	12.5	19.31253888496388	1.9985311755956474	9.663366336633663	12.2	0.033692335886137514	0.0	"zoopl_202205_130"	"nan"	"jonas"	"simon"	"lifewatch"	"130"	"5"	"ref"	"5"	"5"	"1"	"wp2"	"5"	"1"	"5"	"1"	"5"	"5"	"1"	"1"	"1111"	"5"	"5"	"5"	"5"	"5"	"5"	"5"	"nan"	"zooprocess_zoopl_202205_130"	"20220802"	"12:39:00.000"	"8.03_picheral_cnrs"	"2400"	"nan"	"0"	"20220801_1024_background_narrow_manual.tif"	"8.09_2022/04/06_picheral_cnrs"	"243"	"0.0106"	"0.3"	"100"	"unused"	"0.0101"	"zooprocess_pid_to_ecotaxa_8.03_2021/11/10"	"d5_zoopl_202205_130"	"zooscan"	"10"	"200"	"32"	"motoda"	"hydroptic_v3"	"9.7.67"	"jonas"	"zooscan"	"20220802"	"12:34:00.000"	"nan"	"3"	"2"	"3"	"3"	"1"	"22192"	"46456"	"9706"	"4994"	"manual"	"no"	"668"	"55777"	"1.8"	"1.15"	"48502"
"zoopl_202205_130_d5_1_13.jpg"	0	"zoopl_202205_130_d5_1_13"	5.833333333333333	-5.833333333333333	"20220501"	"000000"	"http://www.zooscan.obs-vlfr.fr//"	1.0	5.0	"validated"	"Jonas Mortelmans"	"jonas.mortelmans@vliz.be"	"20220802"	"112145"	"artefact"	85008	5.833333333333333	-5.833333333333333	632.0	238.59	5.125	242.0	219.0	248.0	12.57	37.34	12.54	37.26	197.28	3996.0	6160.0	23.0	64.0	49.8	16.1	94.5	0.204	64.5	150789.0	240.0	-1.116	0.859	9.34	4010.0	6160.0	573.0	1.163	153.0	0.142	234.0	239.0	241.0	0.0	0.0	1.0	2.0	0.0	0.0	0.0	0.0	0.0	0.0	0.0	4.567	4.664	5.0	5.0	170.0	1016.0	34.272	2.484	1.0	28.367012395961314	3.125	29.0	-0.4803471158754464	0.0	2.09564524917222	17.24137931034483	8.229793064943829	2.7154139554383194	3.0307692307692307	3.94	0.18553764235171752	0.0	"zoopl_202205_130"	"nan"	"jonas"	"simon"	"lifewatch"	"130"	"5"	"ref"	"5"	"5"	"1"	"wp2"	"5"	"1"	"5"	"1"	"5"	"5"	"1"	"1"	"1111"	"5"	"5"	"5"	"5"	"5"	"5"	"5"	"nan"	"zooprocess_zoopl_202205_130"	"20220802"	"12:39:00.000"	"8.03_picheral_cnrs"	"2400"	"nan"	"0"	"20220801_1024_background_narrow_manual.tif"	"8.09_2022/04/06_picheral_cnrs"	"243"	"0.0106"	"0.3"	"100"	"unused"	"0.0101"	"zooprocess_pid_to_ecotaxa_8.03_2021/11/10"	"d5_zoopl_202205_130"	"zooscan"	"10"	"200"	"32"	"motoda"	"hydroptic_v3"	"9.7.67"	"jonas"	"zooscan"	"20220802"	"12:34:00.000"	"nan"	"3"	"2"	"3"	"3"	"1"	"22192"	"46456"	"9706"	"4994"	"manual"	"no"	"668"	"55777"	"1.8"	"1.15"	"48502"
"zoopl_202205_130_d5_1_14.jpg"	0	"zoopl_202205_130_d5_1_14"	5.833333333333333	-5.833333333333333	"20220501"	"000000"	"http://www.zooscan.obs-vlfr.fr//"	1.0	5.0	"validated"	"Jonas Mortelmans"	"jonas.mortelmans@vliz.be"	"20220802"	"112145"	"artefact"	85008	5.833333333333333	-5.833333333333333	1449.0	240.02	2.339	240.0	229.0	247.0	16.94	63.06	16.93	63.03	422.78	10321.0	6367.0	36.0	123.0	129.8	14.2	100.9	0.102	125.2	347790.0	240.0	-0.356	0.006	3.17	10329.0	6367.0	1403.0	1.246	468.0	0.423	237.0	239.0	241.0	0.0	0.0	0.0	4.0	0.0	0.0	0.0	0.0	0.0	0.0	0.0	7.717	7.773	8.0	9.0	313.0	1980.0	241.496	1.724	1.0	42.952579670157775	9.285714285714286	18.0	-0.6333938294010875	0.0	0.8332638946754437	11.11111111111111	11.293057303690324	3.3371918746129796	3.384	3.253846153846154	0.09853415584922465	0.0	"zoopl_202205_130"	"nan"	"jonas"	"simon"	"lifewatch"	"130"	"5"	"ref"	"5"	"5"	"1"	"wp2"	"5"	"1"	"5"	"1"	"5"	"5"	"1"	"1"	"1111"	"5"	"5"	"5"	"5"	"5"	"5"	"5"	"nan"	"zooprocess_zoopl_202205_130"	"20220802"	"12:39:00.000"	"8.03_picheral_cnrs"	"2400"	"nan"	"0"	"20220801_1024_background_narrow_manual.tif"	"8.09_2022/04/06_picheral_cnrs"	"243"	"0.0106"	"0.3"	"100"	"unused"	"0.0101"	"zooprocess_pid_to_ecotaxa_8.03_2021/11/10"	"d5_zoopl_202205_130"	"zooscan"	"10"	"200"	"32"	"motoda"	"hydroptic_v3"	"9.7.67"	"jonas"	"zooscan"	"20220802"	"12:34:00.000"	"nan"	"3"	"2"	"3"	"3"	"1"	"22192"	"46456"	"9706"	"4994"	"manual"	"no"	"668"	"55777"	"1.8"	"1.15"	"48502"
"zoopl_202205_130_d5_1_15.jpg"	0	"zoopl_202205_130_d5_1_15"	5.833333333333333	-5.833333333333333	"20220501"	"000000"	"http://www.zooscan.obs-vlfr.fr//"	1.0	5.0	"validated"	"Jonas Mortelmans"	"jonas.mortelmans@vliz.be"	"20220802"	"112145"	"artefact"	85008	5.833333333333333	-5.833333333333333	1176.0	239.78	2.438	240.0	232.0	247.0	16.63	48.49	16.62	48.49	387.43	10269.0	6384.0	32.0	99.0	101.4	14.8	100.9	0.098	100.9	281980.0	240.0	-0.224	-0.485	2.64	10281.0	6384.0	1145.0	1.228	338.0	0.334	237.0	239.0	241.0	0.0	0.0	0.0	4.0	0.0	0.0	0.0	0.0	0.0	0.0	0.0	6.155	6.244	7.0	7.0	258.0	1597.0	193.31	1.455	1.0	38.69534474078957	6.733333333333333	15.0	-0.928020565552699	0.0	0.8340979230961715	13.333333333333334	11.43689731034323	2.9848233290559856	3.8316831683168315	3.8316831683168315	0.09607124540753595	0.0	"zoopl_202205_130"	"nan"	"jonas"	"simon"	"lifewatch"	"130"	"5"	"ref"	"5"	"5"	"1"	"wp2"	"5"	"1"	"5"	"1"	"5"	"5"	"1"	"1"	"1111"	"5"	"5"	"5"	"5"	"5"	"5"	"5"	"nan"	"zooprocess_zoopl_202205_130"	"20220802"	"12:39:00.000"	"8.03_picheral_cnrs"	"2400"	"nan"	"0"	"20220801_1024_background_narrow_manual.tif"	"8.09_2022/04/06_picheral_cnrs"	"243"	"0.0106"	"0.3"	"100"	"unused"	"0.0101"	"zooprocess_pid_to_ecotaxa_8.03_2021/11/10"	"d5_zoopl_202205_130"	"zooscan"	"10"	"200"	"32"	"motoda"	"hydroptic_v3"	"9.7.67"	"jonas"	"zooscan"	"20220802"	"12:34:00.000"	"nan"	"3"	"2"	"3"	"3"	"1"	"22192"	"46456"	"9706"	"4994"	"manual"	"no"	"668"	"55777"	"1.8"	"1.15"	"48502"
"zoopl_202205_130_d5_1_16.jpg"	0	"zoopl_202205_130_d5_1_16"	5.833333333333333	-5.833333333333333	"20220501"	"000000"	"http://www.zooscan.obs-vlfr.fr//"	1.0	5.0	"validated"	"Jonas Mortelmans"	"jonas.mortelmans@vliz.be"	"20220802"	"112137"	"fiber<detritus"	85076	5.833333333333333	-5.833333333333333	1801.0	240.74	2.262	243.0	232.0	249.0	19.21	70.26	19.22	70.2	658.0	3740.0	6422.0	41.0	161.0	127.8	17.9	95.9	0.052	161.9	433572.0	241.0	-0.216	-0.084	6.94	3755.0	6422.0	1676.0	1.287	666.0	0.54	238.0	240.0	241.0	0.0	0.0	1.0	7.0	0.0	0.0	0.0	0.0	0.0	0.0	0.0	10.253	10.338	11.0	11.0	400.0	4446.0	181.594	2.615	1.0	47.886369877743164	7.111111111111111	17.0	-0.9450800915331787	0.0	0.8307717869901138	11.76470588235294	16.072701771744438	3.957108946842855	4.061728395061729	5.140625	0.048644314884530755	0.0	"zoopl_202205_130"	"nan"	"jonas"	"simon"	"lifewatch"	"130"	"5"	"ref"	"5"	"5"	"1"	"wp2"	"5"	"1"	"5"	"1"	"5"	"5"	"1"	"1"	"1111"	"5"	"5"	"5"	"5"	"5"	"5"	"5"	"nan"	"zooprocess_zoopl_202205_130"	"20220802"	"12:39:00.000"	"8.03_picheral_cnrs"	"2400"	"nan"	"0"	"20220801_1024_background_narrow_manual.tif"	"8.09_2022/04/06_picheral_cnrs"	"243"	"0.0106"	"0.3"	"100"	"unused"	"0.0101"	"zooprocess_pid_to_ecotaxa_8.03_2021/11/10"	"d5_zoopl_202205_130"	"zooscan"	"10"	"200"	"32"	"motoda"	"hydroptic_v3"	"9.7.67"	"jonas"	"zooscan"	"20220802"	"12:34:00.000"	"nan"	"3"	"2"	"3"	"3"	"1"	"22192"	"46456"	"9706"	"4994"	"manual"	"no"	"668"	"55777"	"1.8"	"1.15"	"48502"
"zoopl_202205_130_d5_1_17.jpg"	0	"zoopl_202205_130_d5_1_17"	5.833333333333333	-5.833333333333333	"20220501"	"000000"	"http://www.zooscan.obs-vlfr.fr//"	1.0	5.0	"validated"	"Jonas Mortelmans"	"jonas.mortelmans@vliz.be"	"20220802"	"112137"	"fiber<detritus"	85076	5.833333333333333	-5.833333333333333	1029.0	239.74	2.648	242.0	230.0	247.0	16.3	62.9	16.29	62.83	402.06	3707.0	6428.0	31.0	126.0	132.7	9.9	99.7	0.08	128.5	246688.0	240.0	-0.532	-0.331	2.14	3712.0	6428.0	1007.0	1.203	282.0	0.287	237.0	239.0	241.0	0.0	0.0	2.0	2.0	0.0	0.0	0.0	0.0	0.0	0.0	0.0	11.205	11.333	8.0	8.0	309.0	1631.0	157.079	1.855	1.0	36.19618062078487	13.3	17.0	-0.7453798767967129	0.0	1.251355635271544	17.647058823529413	12.668095182431413	4.065135021227991	3.116279069767442	3.0225563909774436	0.078304591524094	0.0	"zoopl_202205_130"	"nan"	"jonas"	"simon"	"lifewatch"	"130"	"5"	"ref"	"5"	"5"	"1"	"wp2"	"5"	"1"	"5"	"1"	"5"	"5"	"1"	"1"	"1111"	"5"	"5"	"5"	"5"	"5"	"5"	"5"	"nan"	"zooprocess_zoopl_202205_130"	"20220802"	"12:39:00.000"	"8.03_picheral_cnrs"	"2400"	"nan"	"0"	"20220801_1024_background_narrow_manual.tif"	"8.09_2022/04/06_picheral_cnrs"	"243"	"0.0106"	"0.3"	"100"	"unused"	"0.0101"	"zooprocess_pid_to_ecotaxa_8.03_2021/11/10"	"d5_zoopl_202205_130"	"zooscan"	"10"	"200"	"32"	"motoda"	"hydroptic_v3"	"9.7.67"	"jonas"	"zooscan"	"20220802"	"12:34:00.000"	"nan"	"3"	"2"	"3"	"3"	"1"	"22192"	"46456"	"9706"	"4994"	"manual"	"no"	"668"	"55777"	"1.8"	"1.15"	"48502"
"zoopl_202205_130_d5_1_18.jpg"	0	"zoopl_202205_130_d5_1_18"	5.833333333333333	-5.833333333333333	"20220501"	"000000"	"http://www.zooscan.obs-vlfr.fr//"	1.0	5.0	"validated"	"Jonas Mortelmans"	"jonas.mortelmans@vliz.be"	"20220802"	"112145"	"artefact"	85008	5.833333333333333	-5.833333333333333	862.0	241.13	1.976	243.0	235.0	246.0	14.04	39.36	14.05	39.38	457.51	2887.0	6671.0	28.0	87.0	73.6	14.9	97.8	0.052	89.5	207852.0	241.0	-0.373	0.025	6.15	2890.0	6671.0	809.0	1.249	379.0	0.283	239.0	240.0	241.0	0.0	0.0	0.0	1.0	0.0	0.0	0.0	0.0	0.0	0.0	0.0	6.255	6.376	5.0	5.0	226.0	1640.0	287.119	3.068	1.0	33.12902786925252	4.933333333333334	11.0	-0.7944535073409476	0.0	0.8294281093186248	18.181818181818183	16.102422485103027	3.164231492705835	5.088888888888889	6.1891891891891895	0.04846491212513382	0.0	"zoopl_202205_130"	"nan"	"jonas"	"simon"	"lifewatch"	"130"	"5"	"ref"	"5"	"5"	"1"	"wp2"	"5"	"1"	"5"	"1"	"5"	"5"	"1"	"1"	"1111"	"5"	"5"	"5"	"5"	"5"	"5"	"5"	"nan"	"zooprocess_zoopl_202205_130"	"20220802"	"12:39:00.000"	"8.03_picheral_cnrs"	"2400"	"nan"	"0"	"20220801_1024_background_narrow_manual.tif"	"8.09_2022/04/06_picheral_cnrs"	"243"	"0.0106"	"0.3"	"100"	"unused"	"0.0101"	"zooprocess_pid_to_ecotaxa_8.03_2021/11/10"	"d5_zoopl_202205_130"	"zooscan"	"10"	"200"	"32"	"motoda"	"hydroptic_v3"	"9.7.67"	"jonas"	"zooscan"	"20220802"	"12:34:00.000"	"nan"	"3"	"2"	"3"	"3"	"1"	"22192"	"46456"	"9706"	"4994"	"manual"	"no"	"668"	"55777"	"1.8"	"1.15"	"48502"
"zoopl_202205_130_d5_1_19.jpg"	0	"zoopl_202205_130_d5_1_19"	5.833333333333333	-5.833333333333333	"20220501"	"000000"	"http://www.zooscan.obs-vlfr.fr//"	1.0	5.0	"validated"	"Jonas Mortelmans"	"jonas.mortelmans@vliz.be"	"20220802"	"112145"	"artefact"	85008	5.833333333333333	-5.833333333333333	986.0	241.52	2.111	243.0	233.0	249.0	19.21	44.14	19.25	44.16	587.64	1029.0	6762.0	62.0	75.0	49.3	25.5	123.8	0.036	86.4	238143.0	242.0	-0.294	0.658	9.63	1029.0	6762.0	891.0	1.276	471.0	0.333	239.0	241.0	242.0	0.0	0.0	1.0	2.0	0.0	0.0	0.0	0.0	0.0	0.0	0.0	5.847	5.914	6.0	6.0	269.0	2492.0	478.545	4.0	1.0	35.43182455235505	1.8846153846153846	16.0	-0.8779342723004673	0.0	0.8280887711162637	12.5	19.698741179080557	2.8811084037430743	6.837209302325581	12.0	0.032384180831464965	0.0	"zoopl_202205_130"	"nan"	"jonas"	"simon"	"lifewatch"	"130"	"5"	"ref"	"5"	"5"	"1"	"wp2"	"5"	"1"	"5"	"1"	"5"	"5"	"1"	"1"	"1111"	"5"	"5"	"5"	"5"	"5"	"5"	"5"	"nan"	"zooprocess_zoopl_202205_130"	"20220802"	"12:39:00.000"	"8.03_picheral_cnrs"	"2400"	"nan"	"0"	"20220801_1024_background_narrow_manual.tif"	"8.09_2022/04/06_picheral_cnrs"	"243"	"0.0106"	"0.3"	"100"	"unused"	"0.0101"	"zooprocess_pid_to_ecotaxa_8.03_2021/11/10"	"d5_zoopl_202205_130"	"zooscan"	"10"	"200"	"32"	"motoda"	"hydroptic_v3"	"9.7.67"	"jonas"	"zooscan"	"20220802"	"12:34:00.000"	"nan"	"3"	"2"	"3"	"3"	"1"	"22192"	"46456"	"9706"	"4994"	"manual"	"no"	"668"	"55777"	"1.8"	"1.15"	"48502"
"zoopl_202205_130_d5_1_20.jpg"	0	"zoopl_202205_130_d5_1_20"	5.833333333333333	-5.833333333333333	"20220501"	"000000"	"http://www.zooscan.obs-vlfr.fr//"	1.0	5.0	"validated"	"Jonas Mortelmans"	"jonas.mortelmans@vliz.be"	"20220802"	"112145"	"artefact"	85008	5.833333333333333	-5.833333333333333	793.0	241.78	1.734	242.0	233.0	248.0	18.58	33.57	18.57	33.57	444.11	921.0	6793.0	38.0	71.0	67.6	14.9	111.3	0.051	75.4	191731.0	242.0	-0.641	1.612	9.71	931.0	6793.0	716.0	1.26	415.0	0.289	240.0	241.0	242.0	0.0	0.0	0.0	0.0	0.0	0.0	0.0	0.0	0.0	0.0	0.0	5.016	5.215	5.0	5.0	214.0	1448.0	400.541	4.364	1.0	31.775445850136926	4.533333333333333	15.0	-0.7084282460136672	0.0	0.8271982794275788	13.333333333333334	16.593059059092976	2.8028815978197597	5.92	6.529411764705882	0.04564118862045069	0.0	"zoopl_202205_130"	"nan"	"jonas"	"simon"	"lifewatch"	"130"	"5"	"ref"	"5"	"5"	"1"	"wp2"	"5"	"1"	"5"	"1"	"5"	"5"	"1"	"1"	"1111"	"5"	"5"	"5"	"5"	"5"	"5"	"5"	"nan"	"zooprocess_zoopl_202205_130"	"20220802"	"12:39:00.000"	"8.03_picheral_cnrs"	"2400"	"nan"	"0"	"20220801_1024_background_narrow_manual.tif"	"8.09_2022/04/06_picheral_cnrs"	"243"	"0.0106"	"0.3"	"100"	"unused"	"0.0101"	"zooprocess_pid_to_ecotaxa_8.03_2021/11/10"	"d5_zoopl_202205_130"	"zooscan"	"10"	"200"	"32"	"motoda"	"hydroptic_v3"	"9.7.67"	"jonas"	"zooscan"	"20220802"	"12:34:00.000"	"nan"	"3"	"2"	"3"	"3"	"1"	"22192"	"46456"	"9706"	"4994"	"manual"	"no"	"668"	"55777"	"1.8"	"1.15"	"48502"
"zoopl_202205_130_d5_1_21.jpg"	0	"zoopl_202205_130_d5_1_21"	5.833333333333333	-5.833333333333333	"20220501"	"000000"	"http://www.zooscan.obs-vlfr.fr//"	1.0	5.0	"validated"	"Jonas Mortelmans"	"jonas.mortelmans@vliz.be"	"20220802"	"112145"	"artefact"	85008	5.833333333333333	-5.833333333333333	765.0	241.75	1.781	243.0	235.0	247.0	15.64	38.9	15.64	38.89	454.06	899.0	6794.0	31.0	77.0	68.2	14.3	108.2	0.047	81.3	184936.0	242.0	-0.177	0.471	11.37	902.0	6794.0	678.0	1.26	391.0	0.263	239.0	241.0	242.0	0.0	0.0	0.0	0.0	0.0	0.0	0.0	0.0	0.0	0.0	0.0	5.657	5.772	7.0	7.0	212.0	1357.0	320.199	2.435	1.0	31.209425687160593	4.857142857142857	12.0	-0.7777777777777778	0.0	0.8273009307135472	16.666666666666664	17.435764958986308	3.1107862592024027	5.604938271604938	6.676470588235294	0.041335943238445916	0.0	"zoopl_202205_130"	"nan"	"jonas"	"simon"	"lifewatch"	"130"	"5"	"ref"	"5"	"5"	"1"	"wp2"	"5"	"1"	"5"	"1"	"5"	"5"	"1"	"1"	"1111"	"5"	"5"	"5"	"5"	"5"	"5"	"5"	"nan"	"zooprocess_zoopl_202205_130"	"20220802"	"12:39:00.000"	"8.03_picheral_cnrs"	"2400"	"nan"	"0"	"20220801_1024_background_narrow_manual.tif"	"8.09_2022/04/06_picheral_cnrs"	"243"	"0.0106"	"0.3"	"100"	"unused"	"0.0101"	"zooprocess_pid_to_ecotaxa_8.03_2021/11/10"	"d5_zoopl_202205_130"	"zooscan"	"10"	"200"	"32"	"motoda"	"hydroptic_v3"	"9.7.67"	"jonas"	"zooscan"	"20220802"	"12:34:00.000"	"nan"	"3"	"2"	"3"	"3"	"1"	"22192"	"46456"	"9706"	"4994"	"manual"	"no"	"668"	"55777"	"1.8"	"1.15"	"48502"
"zoopl_202205_130_d5_1_22.jpg"	0	"zoopl_202205_130_d5_1_22"	5.833333333333333	-5.833333333333333	"20220501"	"000000"	"http://www.zooscan.obs-vlfr.fr//"	1.0	5.0	"validated"	"Jonas Mortelmans"	"jonas.mortelmans@vliz.be"	"20220802"	"112145"	"artefact"	85008	5.833333333333333	-5.833333333333333	871.0	241.75	1.684	242.0	234.0	246.0	15.52	50.24	15.52	50.23	472.34	9925.0	6942.0	29.0	99.0	93.7	11.8	99.3	0.049	102.4	210563.0	242.0	-0.523	0.919	10.1	9928.0	6942.0	783.0	1.252	445.0	0.312	240.0	241.0	242.0	0.0	0.0	0.0	0.0	0.0	0.0	0.0	0.0	0.0	0.0	0.0	7.944	8.126	5.0	6.0	252.0	1547.0	385.719	2.5	1.0	33.30152614317138	7.833333333333333	12.0	-0.5483870967741935	0.0	0.8273009307135472	16.666666666666664	16.867903881447972	3.6451826184485028	4.627450980392157	5.0212765957446805	0.04416595532463387	0.0	"zoopl_202205_130"	"nan"	"jonas"	"simon"	"lifewatch"	"130"	"5"	"ref"	"5"	"5"	"1"	"wp2"	"5"	"1"	"5"	"1"	"5"	"5"	"1"	"1"	"1111"	"5"	"5"	"5"	"5"	"5"	"5"	"5"	"nan"	"zooprocess_zoopl_202205_130"	"20220802"	"12:39:00.000"	"8.03_picheral_cnrs"	"2400"	"nan"	"0"	"20220801_1024_background_narrow_manual.tif"	"8.09_2022/04/06_picheral_cnrs"	"243"	"0.0106"	"0.3"	"100"	"unused"	"0.0101"	"zooprocess_pid_to_ecotaxa_8.03_2021/11/10"	"d5_zoopl_202205_130"	"zooscan"	"10"	"200"	"32"	"motoda"	"hydroptic_v3"	"9.7.67"	"jonas"	"zooscan"	"20220802"	"12:34:00.000"	"nan"	"3"	"2"	"3"	"3"	"1"	"22192"	"46456"	"9706"	"4994"	"manual"	"no"	"668"	"55777"	"1.8"	"1.15"	"48502"
"zoopl_202205_130_d5_1_23.jpg"	0	"zoopl_202205_130_d5_1_23"	5.833333333333333	-5.833333333333333	"20220501"	"000000"	"http://www.zooscan.obs-vlfr.fr//"	1.0	5.0	"validated"	"Jonas Mortelmans"	"jonas.mortelmans@vliz.be"	"20220802"	"112145"	"artefact"	85008	5.833333333333333	-5.833333333333333	797.0	241.43	1.934	243.0	234.0	248.0	12.06	45.45	12.07	45.47	427.27	13810.0	7435.0	27.0	97.0	90.2	11.3	100.7	0.055	98.8	192423.0	242.0	-0.553	0.878	7.65	13816.0	7435.0	736.0	1.235	394.0	0.273	239.0	241.0	242.0	0.0	0.0	0.0	2.0	0.0	0.0	0.0	0.0	0.0	0.0	0.0	8.33	8.516	5.0	5.0	244.0	1398.0	285.425	2.072	1.0	31.85548488335917	8.181818181818182	14.0	-0.8842530282637937	0.0	0.8283974651037567	14.285714285714285	15.739428819535268	3.649188414833704	4.313131313131313	4.7444444444444445	0.05072615311973603	0.0	"zoopl_202205_130"	"nan"	"jonas"	"simon"	"lifewatch"	"130"	"5"	"ref"	"5"	"5"	"1"	"wp2"	"5"	"1"	"5"	"1"	"5"	"5"	"1"	"1"	"1111"	"5"	"5"	"5"	"5"	"5"	"5"	"5"	"nan"	"zooprocess_zoopl_202205_130"	"20220802"	"12:39:00.000"	"8.03_picheral_cnrs"	"2400"	"nan"	"0"	"20220801_1024_background_narrow_manual.tif"	"8.09_2022/04/06_picheral_cnrs"	"243"	"0.0106"	"0.3"	"100"	"unused"	"0.0101"	"zooprocess_pid_to_ecotaxa_8.03_2021/11/10"	"d5_zoopl_202205_130"	"zooscan"	"10"	"200"	"32"	"motoda"	"hydroptic_v3"	"9.7.67"	"jonas"	"zooscan"	"20220802"	"12:34:00.000"	"nan"	"3"	"2"	"3"	"3"	"1"	"22192"	"46456"	"9706"	"4994"	"manual"	"no"	"668"	"55777"	"1.8"	"1.15"	"48502"
"zoopl_202205_130_d5_1_24.jpg"	0	"zoopl_202205_130_d5_1_24"	5.833333333333333	-5.833333333333333	"20220501"	"000000"	"http://www.zooscan.obs-vlfr.fr//"	1.0	5.0	"validated"	"Jonas Mortelmans"	"jonas.mortelmans@vliz.be"	"20220802"	"112145"	"artefact"	85008	5.833333333333333	-5.833333333333333	2851.0	241.49	2.11	242.0	234.0	251.0	32.97	51.4	32.96	51.4	1088.95	2894.0	7436.0	70.0	108.0	75.5	48.1	110.6	0.03	109.7	688502.0	242.0	-0.1	0.77	11.89	2907.0	7436.0	2512.0	1.457	1228.0	0.905	239.0	240.0	241.0	0.0	0.0	0.0	2.0	0.0	0.0	0.0	0.0	0.0	0.0	0.0	3.382	3.515	4.0	5.0	352.0	5237.0	275.192	5.333	1.0	60.24953063750745	1.5833333333333333	17.0	-1.2696929238985286	0.0	0.8281916435463166	11.76470588235294	21.727915429631015	2.194738932285961	9.9	14.328947368421053	0.02661789696216716	0.0	"zoopl_202205_130"	"nan"	"jonas"	"simon"	"lifewatch"	"130"	"5"	"ref"	"5"	"5"	"1"	"wp2"	"5"	"1"	"5"	"1"	"5"	"5"	"1"	"1"	"1111"	"5"	"5"	"5"	"5"	"5"	"5"	"5"	"nan"	"zooprocess_zoopl_202205_130"	"20220802"	"12:39:00.000"	"8.03_picheral_cnrs"	"2400"	"nan"	"0"	"20220801_1024_background_narrow_manual.tif"	"8.09_2022/04/06_picheral_cnrs"	"243"	"0.0106"	"0.3"	"100"	"unused"	"0.0101"	"zooprocess_pid_to_ecotaxa_8.03_2021/11/10"	"d5_zoopl_202205_130"	"zooscan"	"10"	"200"	"32"	"motoda"	"hydroptic_v3"	"9.7.67"	"jonas"	"zooscan"	"20220802"	"12:34:00.000"	"nan"	"3"	"2"	"3"	"3"	"1"	"22192"	"46456"	"9706"	"4994"	"manual"	"no"	"668"	"55777"	"1.8"	"1.15"	"48502"
"zoopl_202205_130_d5_1_25.jpg"	0	"zoopl_202205_130_d5_1_25"	5.833333333333333	-5.833333333333333	"20220501"	"000000"	"http://www.zooscan.obs-vlfr.fr//"	1.0	5.0	"validated"	"Jonas Mortelmans"	"jonas.mortelmans@vliz.be"	"20220802"	"112145"	"artefact"	85008	5.833333333333333	-5.833333333333333	711.0	241.36	1.753	243.0	235.0	248.0	12.02	36.95	12.02	36.94	329.93	2869.0	7460.0	26.0	74.0	74.1	12.2	98.8	0.082	75.1	171610.0	242.0	-0.348	0.422	6.33	2875.0	7460.0	666.0	1.219	311.0	0.247	239.0	240.0	241.0	0.0	0.0	0.0	0.0	0.0	0.0	0.0	0.0	0.0	0.0	0.0	5.643	5.769	4.0	4.0	196.0	1213.0	201.163	2.444	1.0	30.087760240780646	6.166666666666667	13.0	-1.0440251572327	0.0	0.8286377195889957	15.384615384615385	12.787240261820122	2.906190968595482	4.4	4.45945945945946	0.07685218392252717	0.0	"zoopl_202205_130"	"nan"	"jonas"	"simon"	"lifewatch"	"130"	"5"	"ref"	"5"	"5"	"1"	"wp2"	"5"	"1"	"5"	"1"	"5"	"5"	"1"	"1"	"1111"	"5"	"5"	"5"	"5"	"5"	"5"	"5"	"nan"	"zooprocess_zoopl_202205_130"	"20220802"	"12:39:00.000"	"8.03_picheral_cnrs"	"2400"	"nan"	"0"	"20220801_1024_background_narrow_manual.tif"	"8.09_2022/04/06_picheral_cnrs"	"243"	"0.0106"	"0.3"	"100"	"unused"	"0.0101"	"zooprocess_pid_to_ecotaxa_8.03_2021/11/10"	"d5_zoopl_202205_130"	"zooscan"	"10"	"200"	"32"	"motoda"	"hydroptic_v3"	"9.7.67"	"jonas"	"zooscan"	"20220802"	"12:34:00.000"	"nan"	"3"	"2"	"3"	"3"	"1"	"22192"	"46456"	"9706"	"4994"	"manual"	"no"	"668"	"55777"	"1.8"	"1.15"	"48502"
"zoopl_202205_130_d5_1_26.jpg"	0	"zoopl_202205_130_d5_1_26"	5.833333333333333	-5.833333333333333	"20220501"	"000000"	"http://www.zooscan.obs-vlfr.fr//"	1.0	5.0	"validated"	"Jonas Mortelmans"	"jonas.mortelmans@vliz.be"	"20220802"	"112145"	"artefact"	85008	5.833333333333333	-5.833333333333333	996.0	241.41	1.744	242.0	235.0	248.0	21.75	66.71	21.75	66.69	540.95	6716.0	7462.0	42.0	129.0	120.8	10.5	102.9	0.043	133.4	240446.0	242.0	-0.357	0.496	6.02	6721.0	7462.0	936.0	1.247	449.0	0.35	239.0	240.0	241.0	0.0	0.0	0.0	0.0	0.0	0.0	0.0	0.0	0.0	0.0	0.0	12.392	12.559	2.0	2.0	337.0	2066.0	417.11	2.5	1.0	35.61104585035691	11.0	13.0	-1.028081123244931	0.0	0.8284660950250612	15.384615384615385	17.683138184959592	4.347240995563079	4.067669172932331	4.471074380165289	0.040187517792546104	0.0	"zoopl_202205_130"	"nan"	"jonas"	"simon"	"lifewatch"	"130"	"5"	"ref"	"5"	"5"	"1"	"wp2"	"5"	"1"	"5"	"1"	"5"	"5"	"1"	"1"	"1111"	"5"	"5"	"5"	"5"	"5"	"5"	"5"	"nan"	"zooprocess_zoopl_202205_130"	"20220802"	"12:39:00.000"	"8.03_picheral_cnrs"	"2400"	"nan"	"0"	"20220801_1024_background_narrow_manual.tif"	"8.09_2022/04/06_picheral_cnrs"	"243"	"0.0106"	"0.3"	"100"	"unused"	"0.0101"	"zooprocess_pid_to_ecotaxa_8.03_2021/11/10"	"d5_zoopl_202205_130"	"zooscan"	"10"	"200"	"32"	"motoda"	"hydroptic_v3"	"9.7.67"	"jonas"	"zooscan"	"20220802"	"12:34:00.000"	"nan"	"3"	"2"	"3"	"3"	"1"	"22192"	"46456"	"9706"	"4994"	"manual"	"no"	"668"	"55777"	"1.8"	"1.15"	"48502"
"zoopl_202205_130_d5_1_27.jpg"	0	"zoopl_202205_130_d5_1_27"	5.833333333333333	-5.833333333333333	"20220501"	"000000"	"http://www.zooscan.obs-vlfr.fr//"	1.0	5.0	"validated"	"Jonas Mortelmans"	"jonas.mortelmans@vliz.be"	"20220802"	"112145"	"artefact"	85008	5.833333333333333	-5.833333333333333	1386.0	240.46	2.331	242.0	232.0	247.0	22.1	62.36	22.09	62.31	514.12	6757.0	7463.0	41.0	120.0	117.9	15.0	104.6	0.066	124.7	333272.0	241.0	-0.492	-0.065	4.62	6757.0	7463.0	1322.0	1.269	487.0	0.414	238.0	240.0	241.0	0.0	0.0	1.0	3.0	0.0	0.0	0.0	0.0	0.0	0.0	0.0	7.853	7.951	9.0	9.0	318.0	2158.0	424.562	2.23	1.0	42.00845163777089	7.866666666666666	15.0	-0.7730496453900693	0.0	0.8317391665973551	13.333333333333334	14.136678830297566	3.4379082758505755	4.112	4.3559322033898304	0.06288036893890456	0.0	"zoopl_202205_130"	"nan"	"jonas"	"simon"	"lifewatch"	"130"	"5"	"ref"	"5"	"5"	"1"	"wp2"	"5"	"1"	"5"	"1"	"5"	"5"	"1"	"1"	"1111"	"5"	"5"	"5"	"5"	"5"	"5"	"5"	"nan"	"zooprocess_zoopl_202205_130"	"20220802"	"12:39:00.000"	"8.03_picheral_cnrs"	"2400"	"nan"	"0"	"20220801_1024_background_narrow_manual.tif"	"8.09_2022/04/06_picheral_cnrs"	"243"	"0.0106"	"0.3"	"100"	"unused"	"0.0101"	"zooprocess_pid_to_ecotaxa_8.03_2021/11/10"	"d5_zoopl_202205_130"	"zooscan"	"10"	"200"	"32"	"motoda"	"hydroptic_v3"	"9.7.67"	"jonas"	"zooscan"	"20220802"	"12:34:00.000"	"nan"	"3"	"2"	"3"	"3"	"1"	"22192"	"46456"	"9706"	"4994"	"manual"	"no"	"668"	"55777"	"1.8"	"1.15"	"48502"
"zoopl_202205_130_d5_1_28.jpg"	0	"zoopl_202205_130_d5_1_28"	5.833333333333333	-5.833333333333333	"20220501"	"000000"	"http://www.zooscan.obs-vlfr.fr//"	1.0	5.0	"validated"	"Jonas Mortelmans"	"jonas.mortelmans@vliz.be"	"20220802"	"112145"	"artefact"	85008	5.833333333333333	-5.833333333333333	1806.0	236.39	4.625	242.0	223.0	247.0	17.28	64.26	17.29	64.37	388.74	11674.0	7604.0	36.0	128.0	133.0	17.3	101.0	0.15	131.5	426912.0	237.0	-0.258	-0.914	1.16	11678.0	7604.0	1785.0	1.203	309.0	0.372	232.0	236.0	239.0	0.0	0.0	2.0	1.0	0.0	0.0	0.0	0.0	0.0	0.0	0.0	6.744	6.8	7.0	7.0	324.0	2331.0	142.197	1.65	1.0	47.95279572445911	7.823529411764706	24.0	-0.7923823749066485	0.0	2.1151486949532554	20.833333333333336	9.207261779040884	3.1243150509855955	2.946969696969697	2.924812030075188	0.14823435971630589	0.0	"zoopl_202205_130"	"nan"	"jonas"	"simon"	"lifewatch"	"130"	"5"	"ref"	"5"	"5"	"1"	"wp2"	"5"	"1"	"5"	"1"	"5"	"5"	"1"	"1"	"1111"	"5"	"5"	"5"	"5"	"5"	"5"	"5"	"nan"	"zooprocess_zoopl_202205_130"	"20220802"	"12:39:00.000"	"8.03_picheral_cnrs"	"2400"	"nan"	"0"	"20220801_1024_background_narrow_manual.tif"	"8.09_2022/04/06_picheral_cnrs"	"243"	"0.0106"	"0.3"	"100"	"unused"	"0.0101"	"zooprocess_pid_to_ecotaxa_8.03_2021/11/10"	"d5_zoopl_202205_130"	"zooscan"	"10"	"200"	"32"	"motoda"	"hydroptic_v3"	"9.7.67"	"jonas"	"zooscan"	"20220802"	"12:34:00.000"	"nan"	"3"	"2"	"3"	"3"	"1"	"22192"	"46456"	"9706"	"4994"	"manual"	"no"	"668"	"55777"	"1.8"	"1.15"	"48502"
"zoopl_202205_130_d5_1_29.jpg"	0	"zoopl_202205_130_d5_1_29"	5.833333333333333	-5.833333333333333	"20220501"	"000000"	"http://www.zooscan.obs-vlfr.fr//"	1.0	5.0	"validated"	"Jonas Mortelmans"	"jonas.mortelmans@vliz.be"	"20220802"	"112145"	"artefact"	85008	5.833333333333333	-5.833333333333333	933.0	239.04	2.971	242.0	230.0	246.0	14.28	45.38	14.28	45.41	306.62	11731.0	7610.0	28.0	87.0	84.9	14.0	102.6	0.125	88.3	223023.0	239.0	-0.41	-0.506	1.61	11736.0	7610.0	918.0	1.178	214.0	0.243	236.0	238.0	240.0	0.0	0.0	1.0	1.0	0.0	0.0	0.0	0.0	0.0	0.0	0.0	6.008	6.109	6.0	6.0	226.0	1243.0	85.798	1.465	1.0	34.46639660942099	6.071428571428571	16.0	-0.7699115044247803	0.0	1.2550200803212852	18.75	10.1325098564613	2.904432792731578	3.4886363636363638	3.611764705882353	0.12239841509174336	0.0	"zoopl_202205_130"	"nan"	"jonas"	"simon"	"lifewatch"	"130"	"5"	"ref"	"5"	"5"	"1"	"wp2"	"5"	"1"	"5"	"1"	"5"	"5"	"1"	"1"	"1111"	"5"	"5"	"5"	"5"	"5"	"5"	"5"	"nan"	"zooprocess_zoopl_202205_130"	"20220802"	"12:39:00.000"	"8.03_picheral_cnrs"	"2400"	"nan"	"0"	"20220801_1024_background_narrow_manual.tif"	"8.09_2022/04/06_picheral_cnrs"	"243"	"0.0106"	"0.3"	"100"	"unused"	"0.0101"	"zooprocess_pid_to_ecotaxa_8.03_2021/11/10"	"d5_zoopl_202205_130"	"zooscan"	"10"	"200"	"32"	"motoda"	"hydroptic_v3"	"9.7.67"	"jonas"	"zooscan"	"20220802"	"12:34:00.000"	"nan"	"3"	"2"	"3"	"3"	"1"	"22192"	"46456"	"9706"	"4994"	"manual"	"no"	"668"	"55777"	"1.8"	"1.15"	"48502"
"zoopl_202205_130_d5_1_30.jpg"	0	"zoopl_202205_130_d5_1_30"	5.833333333333333	-5.833333333333333	"20220501"	"000000"	"http://www.zooscan.obs-vlfr.fr//"	1.0	5.0	"validated"	"Jonas Mortelmans"	"jonas.mortelmans@vliz.be"	"20220802"	"112145"	"artefact"	85008	5.833333333333333	-5.833333333333333	790.0	241.45	1.892	243.0	233.0	248.0	14.86	55.29	14.85	55.25	449.03	8902.0	7712.0	30.0	99.0	86.6	11.6	100.5	0.049	100.6	190744.0	242.0	-0.273	0.999	7.22	8908.0	7712.0	733.0	1.23	362.0	0.272	239.0	240.0	242.0	0.0	0.0	0.0	1.0	0.0	0.0	0.0	0.0	0.0	0.0	0.0	8.863	9.141	6.0	6.0	253.0	1714.0	383.877	3.0	1.0	31.71528401797434	7.25	15.0	-0.7751479289940852	0.0	0.8283288465520813	13.333333333333334	16.584193398187494	3.730520118523245	4.445544554455446	5.160919540229885	0.04568999985280466	0.0	"zoopl_202205_130"	"nan"	"jonas"	"simon"	"lifewatch"	"130"	"5"	"ref"	"5"	"5"	"1"	"wp2"	"5"	"1"	"5"	"1"	"5"	"5"	"1"	"1"	"1111"	"5"	"5"	"5"	"5"	"5"	"5"	"5"	"nan"	"zooprocess_zoopl_202205_130"	"20220802"	"12:39:00.000"	"8.03_picheral_cnrs"	"2400"	"nan"	"0"	"20220801_1024_background_narrow_manual.tif"	"8.09_2022/04/06_picheral_cnrs"	"243"	"0.0106"	"0.3"	"100"	"unused"	"0.0101"	"zooprocess_pid_to_ecotaxa_8.03_2021/11/10"	"d5_zoopl_202205_130"	"zooscan"	"10"	"200"	"32"	"motoda"	"hydroptic_v3"	"9.7.67"	"jonas"	"zooscan"	"20220802"	"12:34:00.000"	"nan"	"3"	"2"	"3"	"3"	"1"	"22192"	"46456"	"9706"	"4994"	"manual"	"no"	"668"	"55777"	"1.8"	"1.15"	"48502"
"zoopl_202205_130_d5_1_31.jpg"	0	"zoopl_202205_130_d5_1_31"	5.833333333333333	-5.833333333333333	"20220501"	"000000"	"http://www.zooscan.obs-vlfr.fr//"	1.0	5.0	"validated"	"Jonas Mortelmans"	"jonas.mortelmans@vliz.be"	"20220802"	"112145"	"artefact"	85008	5.833333333333333	-5.833333333333333	1009.0	241.99	1.659	243.0	237.0	248.0	17.07	47.26	17.07	47.26	572.12	12381.0	7877.0	33.0	92.0	90.5	14.2	101.0	0.039	93.9	244171.0	242.0	-0.11	0.514	12.98	12393.0	7877.0	878.0	1.297	539.0	0.361	240.0	241.0	242.0	0.0	0.0	0.0	0.0	0.0	0.0	0.0	0.0	0.0	0.0	0.0	6.064	6.168	7.0	7.0	246.0	1787.0	211.747	3.111	1.0	35.84269382507095	6.5	11.0	-1.2044088176352665	0.0	0.8264804330757469	18.181818181818183	19.304064981996852	3.172346343195287	6.085106382978723	6.285714285714286	0.03372192221932415	0.0	"zoopl_202205_130"	"nan"	"jonas"	"simon"	"lifewatch"	"130"	"5"	"ref"	"5"	"5"	"1"	"wp2"	"5"	"1"	"5"	"1"	"5"	"5"	"1"	"1"	"1111"	"5"	"5"	"5"	"5"	"5"	"5"	"5"	"nan"	"zooprocess_zoopl_202205_130"	"20220802"	"12:39:00.000"	"8.03_picheral_cnrs"	"2400"	"nan"	"0"	"20220801_1024_background_narrow_manual.tif"	"8.09_2022/04/06_picheral_cnrs"	"243"	"0.0106"	"0.3"	"100"	"unused"	"0.0101"	"zooprocess_pid_to_ecotaxa_8.03_2021/11/10"	"d5_zoopl_202205_130"	"zooscan"	"10"	"200"	"32"	"motoda"	"hydroptic_v3"	"9.7.67"	"jonas"	"zooscan"	"20220802"	"12:34:00.000"	"nan"	"3"	"2"	"3"	"3"	"1"	"22192"	"46456"	"9706"	"4994"	"manual"	"no"	"668"	"55777"	"1.8"	"1.15"	"48502"
"zoopl_202205_130_d5_1_32.jpg"	0	"zoopl_202205_130_d5_1_32"	5.833333333333333	-5.833333333333333	"20220501"	"000000"	"http://www.zooscan.obs-vlfr.fr//"	1.0	5.0	"validated"	"Jonas Mortelmans"	"jonas.mortelmans@vliz.be"	"20220802"	"112145"	"artefact"	85008	5.833333333333333	-5.833333333333333	10550.0	241.65	2.252	242.0	231.0	250.0	61.54	71.21	61.6	71.18	1599.81	3173.0	7933.0	123.0	150.0	126.1	106.5	58.7	0.052	150.6	2549454.0	242.0	-0.128	0.184	18.76	3244.0	7933.0	8571.0	1.617	4052.0	3.021	239.0	240.0	241.0	0.0	0.0	4.0	13.0	0.0	0.0	0.0	0.0	0.0	0.0	0.0	2.057	2.15	2.0	2.0	542.0	14052.0	348.288	2.4	1.0	115.89942707777277	1.1775700934579438	19.0	-0.784037558685445	0.0	0.8276432857438444	10.526315789473683	17.282407261336715	1.6310271852886524	10.596026490066226	12.698412698412698	0.04207279786549706	0.0	"zoopl_202205_130"	"nan"	"jonas"	"simon"	"lifewatch"	"130"	"5"	"ref"	"5"	"5"	"1"	"wp2"	"5"	"1"	"5"	"1"	"5"	"5"	"1"	"1"	"1111"	"5"	"5"	"5"	"5"	"5"	"5"	"5"	"nan"	"zooprocess_zoopl_202205_130"	"20220802"	"12:39:00.000"	"8.03_picheral_cnrs"	"2400"	"nan"	"0"	"20220801_1024_background_narrow_manual.tif"	"8.09_2022/04/06_picheral_cnrs"	"243"	"0.0106"	"0.3"	"100"	"unused"	"0.0101"	"zooprocess_pid_to_ecotaxa_8.03_2021/11/10"	"d5_zoopl_202205_130"	"zooscan"	"10"	"200"	"32"	"motoda"	"hydroptic_v3"	"9.7.67"	"jonas"	"zooscan"	"20220802"	"12:34:00.000"	"nan"	"3"	"2"	"3"	"3"	"1"	"22192"	"46456"	"9706"	"4994"	"manual"	"no"	"668"	"55777"	"1.8"	"1.15"	"48502"
"zoopl_202205_130_d5_1_33.jpg"	0	"zoopl_202205_130_d5_1_33"	5.833333333333333	-5.833333333333333	"20220501"	"000000"	"http://www.zooscan.obs-vlfr.fr//"	1.0	5.0	"validated"	"Jonas Mortelmans"	"jonas.mortelmans@vliz.be"	"20220802"	"112145"	"artefact"	85008	5.833333333333333	-5.833333333333333	3847.0	242.03	2.028	243.0	234.0	250.0	38.52	39.99	38.53	40.0	940.25	3013.0	7985.0	88.0	78.0	73.1	67.0	178.0	0.055	92.2	931072.0	242.0	-0.011	0.408	19.99	3067.0	7985.0	3078.0	1.52	1756.0	1.181	239.0	241.0	242.0	0.0	0.0	0.0	2.0	0.0	0.0	0.0	0.0	0.0	0.0	0.0	2.012	2.104	2.0	2.0	328.0	5319.0	419.865	1.8	1.0	69.98680253159284	1.0895522388059702	16.0	-0.99252801992528	0.0	0.82634384167252	12.5	16.943126206990755	1.6582634160033503	10.217391304347826	12.876712328767123	0.043774659066316814	0.0	"zoopl_202205_130"	"nan"	"jonas"	"simon"	"lifewatch"	"130"	"5"	"ref"	"5"	"5"	"1"	"wp2"	"5"	"1"	"5"	"1"	"5"	"5"	"1"	"1"	"1111"	"5"	"5"	"5"	"5"	"5"	"5"	"5"	"nan"	"zooprocess_zoopl_202205_130"	"20220802"	"12:39:00.000"	"8.03_picheral_cnrs"	"2400"	"nan"	"0"	"20220801_1024_background_narrow_manual.tif"	"8.09_2022/04/06_picheral_cnrs"	"243"	"0.0106"	"0.3"	"100"	"unused"	"0.0101"	"zooprocess_pid_to_ecotaxa_8.03_2021/11/10"	"d5_zoopl_202205_130"	"zooscan"	"10"	"200"	"32"	"motoda"	"hydroptic_v3"	"9.7.67"	"jonas"	"zooscan"	"20220802"	"12:34:00.000"	"nan"	"3"	"2"	"3"	"3"	"1"	"22192"	"46456"	"9706"	"4994"	"manual"	"no"	"668"	"55777"	"1.8"	"1.15"	"48502"
"zoopl_202205_130_d5_1_34.jpg"	0	"zoopl_202205_130_d5_1_34"	5.833333333333333	-5.833333333333333	"20220501"	"000000"	"http://www.zooscan.obs-vlfr.fr//"	1.0	5.0	"validated"	"Jonas Mortelmans"	"jonas.mortelmans@vliz.be"	"20220802"	"112145"	"artefact"	85008	5.833333333333333	-5.833333333333333	22921.0	240.96	2.726	243.0	229.0	250.0	91.89	144.11	92.0	143.96	3969.96	3575.0	8056.0	186.0	280.0	264.6	110.3	67.9	0.018	288.5	5522978.0	241.0	-0.535	0.45	14.2	3708.0	8056.0	19667.0	1.652	8297.0	6.228	238.0	240.0	241.0	0.0	0.0	6.0	23.0	0.0	0.0	0.0	0.0	0.0	0.0	0.0	3.06	3.156	3.0	3.0	928.0	33683.0	114.577	5.838	1.0	170.83302843675946	2.409090909090909	21.0	-0.7558528428093634	0.0	1.245019920318725	14.285714285714285	28.3087991985866	2.060766490778722	13.737024221453288	14.981132075471699	0.01568075496149343	0.0	"zoopl_202205_130"	"nan"	"jonas"	"simon"	"lifewatch"	"130"	"5"	"ref"	"5"	"5"	"1"	"wp2"	"5"	"1"	"5"	"1"	"5"	"5"	"1"	"1"	"1111"	"5"	"5"	"5"	"5"	"5"	"5"	"5"	"nan"	"zooprocess_zoopl_202205_130"	"20220802"	"12:39:00.000"	"8.03_picheral_cnrs"	"2400"	"nan"	"0"	"20220801_1024_background_narrow_manual.tif"	"8.09_2022/04/06_picheral_cnrs"	"243"	"0.0106"	"0.3"	"100"	"unused"	"0.0101"	"zooprocess_pid_to_ecotaxa_8.03_2021/11/10"	"d5_zoopl_202205_130"	"zooscan"	"10"	"200"	"32"	"motoda"	"hydroptic_v3"	"9.7.67"	"jonas"	"zooscan"	"20220802"	"12:34:00.000"	"nan"	"3"	"2"	"3"	"3"	"1"	"22192"	"46456"	"9706"	"4994"	"manual"	"no"	"668"	"55777"	"1.8"	"1.15"	"48502"
"zoopl_202205_130_d5_1_35.jpg"	0	"zoopl_202205_130_d5_1_35"	5.833333333333333	-5.833333333333333	"20220501"	"000000"	"http://www.zooscan.obs-vlfr.fr//"	1.0	5.0	"validated"	"Jonas Mortelmans"	"jonas.mortelmans@vliz.be"	"20220802"	"112145"	"artefact"	85008	5.833333333333333	-5.833333333333333	3588.0	241.92	1.921	243.0	235.0	250.0	39.1	49.55	39.11	49.57	1151.37	3425.0	8178.0	81.0	93.0	79.0	57.8	96.4	0.034	94.5	868011.0	242.0	0.015	0.54	17.11	3468.0	8178.0	2974.0	1.52	1713.0	1.148	239.0	241.0	242.0	0.0	0.0	0.0	6.0	0.0	0.0	0.0	0.0	0.0	0.0	0.0	2.365	2.499	3.0	3.0	344.0	5383.0	437.602	1.778	1.0	67.58981792037736	1.3620689655172413	15.0	-1.1676300578034722	0.0	0.8267195767195769	13.333333333333334	21.10594691769444	1.742019945422217	12.115789473684211	14.569620253164556	0.02820981129022712	0.0	"zoopl_202205_130"	"nan"	"jonas"	"simon"	"lifewatch"	"130"	"5"	"ref"	"5"	"5"	"1"	"wp2"	"5"	"1"	"5"	"1"	"5"	"5"	"1"	"1"	"1111"	"5"	"5"	"5"	"5"	"5"	"5"	"5"	"nan"	"zooprocess_zoopl_202205_130"	"20220802"	"12:39:00.000"	"8.03_picheral_cnrs"	"2400"	"nan"	"0"	"20220801_1024_background_narrow_manual.tif"	"8.09_2022/04/06_picheral_cnrs"	"243"	"0.0106"	"0.3"	"100"	"unused"	"0.0101"	"zooprocess_pid_to_ecotaxa_8.03_2021/11/10"	"d5_zoopl_202205_130"	"zooscan"	"10"	"200"	"32"	"motoda"	"hydroptic_v3"	"9.7.67"	"jonas"	"zooscan"	"20220802"	"12:34:00.000"	"nan"	"3"	"2"	"3"	"3"	"1"	"22192"	"46456"	"9706"	"4994"	"manual"	"no"	"668"	"55777"	"1.8"	"1.15"	"48502"
"zoopl_202205_130_d5_1_36.jpg"	0	"zoopl_202205_130_d5_1_36"	5.833333333333333	-5.833333333333333	"20220501"	"000000"	"http://www.zooscan.obs-vlfr.fr//"	1.0	5.0	"validated"	"Jonas Mortelmans"	"jonas.mortelmans@vliz.be"	"20220802"	"112145"	"artefact"	85008	5.833333333333333	-5.833333333333333	714.0	242.01	1.761	243.0	235.0	248.0	14.85	29.34	14.85	29.37	350.03	11685.0	8275.0	26.0	62.0	62.7	14.5	99.6	0.073	64.5	172794.0	242.0	-0.025	1.144	14.57	11689.0	8275.0	610.0	1.241	364.0	0.249	240.0	241.0	242.0	0.0	0.0	0.0	0.0	0.0	0.0	0.0	0.0	0.0	0.0	0.0	3.776	3.918	4.0	4.0	172.0	1141.0	239.889	2.903	1.0	30.15116971098976	4.2	13.0	-0.8544935805991465	0.0	0.8264121317300939	15.384615384615385	14.171085778131031	2.6317730730814772	5.384615384615385	5.555555555555555	0.06257539652864567	0.0	"zoopl_202205_130"	"nan"	"jonas"	"simon"	"lifewatch"	"130"	"5"	"ref"	"5"	"5"	"1"	"wp2"	"5"	"1"	"5"	"1"	"5"	"5"	"1"	"1"	"1111"	"5"	"5"	"5"	"5"	"5"	"5"	"5"	"nan"	"zooprocess_zoopl_202205_130"	"20220802"	"12:39:00.000"	"8.03_picheral_cnrs"	"2400"	"nan"	"0"	"20220801_1024_background_narrow_manual.tif"	"8.09_2022/04/06_picheral_cnrs"	"243"	"0.0106"	"0.3"	"100"	"unused"	"0.0101"	"zooprocess_pid_to_ecotaxa_8.03_2021/11/10"	"d5_zoopl_202205_130"	"zooscan"	"10"	"200"	"32"	"motoda"	"hydroptic_v3"	"9.7.67"	"jonas"	"zooscan"	"20220802"	"12:34:00.000"	"nan"	"3"	"2"	"3"	"3"	"1"	"22192"	"46456"	"9706"	"4994"	"manual"	"no"	"668"	"55777"	"1.8"	"1.15"	"48502"
"zoopl_202205_130_d5_1_37.jpg"	0	"zoopl_202205_130_d5_1_37"	5.833333333333333	-5.833333333333333	"20220501"	"000000"	"http://www.zooscan.obs-vlfr.fr//"	1.0	5.0	"validated"	"Jonas Mortelmans"	"jonas.mortelmans@vliz.be"	"20220802"	"112145"	"artefact"	85008	5.833333333333333	-5.833333333333333	1010.0	240.69	2.18	241.0	233.0	248.0	12.53	50.63	12.53	50.67	421.57	894.0	8298.0	29.0	108.0	106.3	12.1	97.7	0.071	110.2	243094.0	241.0	-0.481	0.157	4.46	901.0	8298.0	965.0	1.231	374.0	0.315	238.0	240.0	241.0	0.0	0.0	1.0	3.0	0.0	0.0	0.0	0.0	0.0	0.0	0.0	8.329	8.463	8.0	8.0	270.0	1672.0	251.225	1.95	1.0	35.86045091995518	8.833333333333334	15.0	-0.9505851755526664	0.0	0.830944368274544	13.333333333333334	13.584660657570625	3.5410252898880774	3.8363636363636364	3.981132075471698	0.06809453764996631	0.0	"zoopl_202205_130"	"nan"	"jonas"	"simon"	"lifewatch"	"130"	"5"	"ref"	"5"	"5"	"1"	"wp2"	"5"	"1"	"5"	"1"	"5"	"5"	"1"	"1"	"1111"	"5"	"5"	"5"	"5"	"5"	"5"	"5"	"nan"	"zooprocess_zoopl_202205_130"	"20220802"	"12:39:00.000"	"8.03_picheral_cnrs"	"2400"	"nan"	"0"	"20220801_1024_background_narrow_manual.tif"	"8.09_2022/04/06_picheral_cnrs"	"243"	"0.0106"	"0.3"	"100"	"unused"	"0.0101"	"zooprocess_pid_to_ecotaxa_8.03_2021/11/10"	"d5_zoopl_202205_130"	"zooscan"	"10"	"200"	"32"	"motoda"	"hydroptic_v3"	"9.7.67"	"jonas"	"zooscan"	"20220802"	"12:34:00.000"	"nan"	"3"	"2"	"3"	"3"	"1"	"22192"	"46456"	"9706"	"4994"	"manual"	"no"	"668"	"55777"	"1.8"	"1.15"	"48502"
"zoopl_202205_130_d5_1_38.jpg"	0	"zoopl_202205_130_d5_1_38"	5.833333333333333	-5.833333333333333	"20220501"	"000000"	"http://www.zooscan.obs-vlfr.fr//"	1.0	5.0	"validated"	"Jonas Mortelmans"	"jonas.mortelmans@vliz.be"	"20220802"	"112145"	"artefact"	85008	5.833333333333333	-5.833333333333333	2072.0	242.1	1.706	243.0	234.0	250.0	26.18	41.53	26.19	41.52	980.48	919.0	8303.0	65.0	86.0	65.9	40.0	114.9	0.027	88.9	501637.0	242.0	-0.135	1.102	14.53	939.0	8303.0	1771.0	1.444	1091.0	0.741	240.0	241.0	242.0	0.0	0.0	0.0	0.0	0.0	0.0	0.0	0.0	0.0	0.0	0.0	3.236	3.388	3.0	3.0	298.0	3629.0	315.131	2.7	1.0	51.36294711843604	1.65	16.0	-0.97530864197531	0.0	0.8261049153242461	12.5	23.287174369566117	2.1148556315218205	11.01123595505618	14.848484848484848	0.02317268050607049	0.0	"zoopl_202205_130"	"nan"	"jonas"	"simon"	"lifewatch"	"130"	"5"	"ref"	"5"	"5"	"1"	"wp2"	"5"	"1"	"5"	"1"	"5"	"5"	"1"	"1"	"1111"	"5"	"5"	"5"	"5"	"5"	"5"	"5"	"nan"	"zooprocess_zoopl_202205_130"	"20220802"	"12:39:00.000"	"8.03_picheral_cnrs"	"2400"	"nan"	"0"	"20220801_1024_background_narrow_manual.tif"	"8.09_2022/04/06_picheral_cnrs"	"243"	"0.0106"	"0.3"	"100"	"unused"	"0.0101"	"zooprocess_pid_to_ecotaxa_8.03_2021/11/10"	"d5_zoopl_202205_130"	"zooscan"	"10"	"200"	"32"	"motoda"	"hydroptic_v3"	"9.7.67"	"jonas"	"zooscan"	"20220802"	"12:34:00.000"	"nan"	"3"	"2"	"3"	"3"	"1"	"22192"	"46456"	"9706"	"4994"	"manual"	"no"	"668"	"55777"	"1.8"	"1.15"	"48502"
"zoopl_202205_130_d5_1_39.jpg"	0	"zoopl_202205_130_d5_1_39"	5.833333333333333	-5.833333333333333	"20220501"	"000000"	"http://www.zooscan.obs-vlfr.fr//"	1.0	5.0	"validated"	"Jonas Mortelmans"	"jonas.mortelmans@vliz.be"	"20220802"	"112137"	"fiber<detritus"	85076	5.833333333333333	-5.833333333333333	1140.0	237.03	3.685	237.0	226.0	245.0	15.6	61.55	15.6	61.58	323.4	2531.0	8463.0	31.0	124.0	134.0	10.8	100.4	0.137	125.8	270217.0	237.0	-0.092	-0.7	1.14	2537.0	8463.0	1127.0	1.16	161.0	0.26	233.0	236.0	239.0	0.0	0.0	1.0	4.0	0.0	0.0	0.0	0.0	0.0	0.0	0.0	10.005	10.064	11.0	11.0	305.0	1453.0	48.564	1.589	1.0	38.09846559899868	12.181818181818182	19.0	-0.7225747960108793	0.0	1.6875500991435681	21.052631578947366	9.621450820062163	3.7532594530273453	2.5634920634920637	2.41044776119403	0.13574652955920968	0.0	"zoopl_202205_130"	"nan"	"jonas"	"simon"	"lifewatch"	"130"	"5"	"ref"	"5"	"5"	"1"	"wp2"	"5"	"1"	"5"	"1"	"5"	"5"	"1"	"1"	"1111"	"5"	"5"	"5"	"5"	"5"	"5"	"5"	"nan"	"zooprocess_zoopl_202205_130"	"20220802"	"12:39:00.000"	"8.03_picheral_cnrs"	"2400"	"nan"	"0"	"20220801_1024_background_narrow_manual.tif"	"8.09_2022/04/06_picheral_cnrs"	"243"	"0.0106"	"0.3"	"100"	"unused"	"0.0101"	"zooprocess_pid_to_ecotaxa_8.03_2021/11/10"	"d5_zoopl_202205_130"	"zooscan"	"10"	"200"	"32"	"motoda"	"hydroptic_v3"	"9.7.67"	"jonas"	"zooscan"	"20220802"	"12:34:00.000"	"nan"	"3"	"2"	"3"	"3"	"1"	"22192"	"46456"	"9706"	"4994"	"manual"	"no"	"668"	"55777"	"1.8"	"1.15"	"48502"
"zoopl_202205_130_d5_1_40.jpg"	0	"zoopl_202205_130_d5_1_40"	5.833333333333333	-5.833333333333333	"20220501"	"000000"	"http://www.zooscan.obs-vlfr.fr//"	1.0	5.0	"validated"	"Jonas Mortelmans"	"jonas.mortelmans@vliz.be"	"20220802"	"112137"	"fiber<detritus"	85076	5.833333333333333	-5.833333333333333	1020.0	237.53	3.546	236.0	227.0	246.0	14.41	56.29	14.4	56.23	304.23	2565.0	8464.0	28.0	113.0	117.6	11.0	100.5	0.138	115.1	242276.0	238.0	-0.221	-0.611	0.98	2568.0	8464.0	1010.0	1.165	182.0	0.238	234.0	237.0	239.0	0.0	0.0	1.0	4.0	0.0	0.0	0.0	0.0	0.0	0.0	0.0	9.169	9.224	9.0	9.0	278.0	1344.0	41.67	2.0	1.0	36.03754064347158	10.727272727272727	19.0	-0.8043684710351375	0.0	1.683997810802846	21.052631578947366	9.5656149880188	3.6185714592834275	2.643478260869565	2.5762711864406778	0.13733589768549562	0.0	"zoopl_202205_130"	"nan"	"jonas"	"simon"	"lifewatch"	"130"	"5"	"ref"	"5"	"5"	"1"	"wp2"	"5"	"1"	"5"	"1"	"5"	"5"	"1"	"1"	"1111"	"5"	"5"	"5"	"5"	"5"	"5"	"5"	"nan"	"zooprocess_zoopl_202205_130"	"20220802"	"12:39:00.000"	"8.03_picheral_cnrs"	"2400"	"nan"	"0"	"20220801_1024_background_narrow_manual.tif"	"8.09_2022/04/06_picheral_cnrs"	"243"	"0.0106"	"0.3"	"100"	"unused"	"0.0101"	"zooprocess_pid_to_ecotaxa_8.03_2021/11/10"	"d5_zoopl_202205_130"	"zooscan"	"10"	"200"	"32"	"motoda"	"hydroptic_v3"	"9.7.67"	"jonas"	"zooscan"	"20220802"	"12:34:00.000"	"nan"	"3"	"2"	"3"	"3"	"1"	"22192"	"46456"	"9706"	"4994"	"manual"	"no"	"668"	"55777"	"1.8"	"1.15"	"48502"
"zoopl_202205_130_d5_1_41.jpg"	0	"zoopl_202205_130_d5_1_41"	5.833333333333333	-5.833333333333333	"20220501"	"000000"	"http://www.zooscan.obs-vlfr.fr//"	1.0	5.0	"validated"	"Jonas Mortelmans"	"jonas.mortelmans@vliz.be"	"20220802"	"112137"	"fiber<detritus"	85076	5.833333333333333	-5.833333333333333	911.0	238.54	2.89	237.0	231.0	246.0	12.53	56.86	12.52	56.82	311.45	2501.0	8474.0	26.0	111.0	116.0	10.0	99.7	0.118	113.2	217309.0	239.0	-0.05	-0.893	0.99	2504.0	8474.0	902.0	1.163	186.0	0.235	235.0	237.0	240.0	0.0	0.0	0.0	4.0	0.0	0.0	0.0	0.0	0.0	0.0	0.0	9.802	9.871	10.0	11.0	270.0	1180.0	61.739	1.375	1.0	34.05761625912379	11.6	15.0	-0.9893899204244053	0.0	1.2576507084765658	20.0	10.355167310197018	3.7624884438979516	2.752212389380531	2.6810344827586206	0.1171913678947899	0.0	"zoopl_202205_130"	"nan"	"jonas"	"simon"	"lifewatch"	"130"	"5"	"ref"	"5"	"5"	"1"	"wp2"	"5"	"1"	"5"	"1"	"5"	"5"	"1"	"1"	"1111"	"5"	"5"	"5"	"5"	"5"	"5"	"5"	"nan"	"zooprocess_zoopl_202205_130"	"20220802"	"12:39:00.000"	"8.03_picheral_cnrs"	"2400"	"nan"	"0"	"20220801_1024_background_narrow_manual.tif"	"8.09_2022/04/06_picheral_cnrs"	"243"	"0.0106"	"0.3"	"100"	"unused"	"0.0101"	"zooprocess_pid_to_ecotaxa_8.03_2021/11/10"	"d5_zoopl_202205_130"	"zooscan"	"10"	"200"	"32"	"motoda"	"hydroptic_v3"	"9.7.67"	"jonas"	"zooscan"	"20220802"	"12:34:00.000"	"nan"	"3"	"2"	"3"	"3"	"1"	"22192"	"46456"	"9706"	"4994"	"manual"	"no"	"668"	"55777"	"1.8"	"1.15"	"48502"
"zoopl_202205_130_d5_1_42.jpg"	0	"zoopl_202205_130_d5_1_42"	5.833333333333333	-5.833333333333333	"20220501"	"000000"	"http://www.zooscan.obs-vlfr.fr//"	1.0	5.0	"validated"	"Jonas Mortelmans"	"jonas.mortelmans@vliz.be"	"20220802"	"112145"	"artefact"	85008	5.833333333333333	-5.833333333333333	3606.0	241.76	2.136	243.0	233.0	251.0	42.91	66.39	42.93	66.37	1278.61	1188.0	8554.0	79.0	124.0	96.9	47.4	102.9	0.028	130.0	871787.0	242.0	-0.171	0.755	16.08	1203.0	8554.0	3026.0	1.485	1519.0	1.121	239.0	241.0	242.0	0.0	0.0	1.0	5.0	0.0	0.0	0.0	0.0	0.0	0.0	0.0	3.664	3.662	4.0	4.0	402.0	6890.0	84.026	2.619	1.0	67.75914549575575	2.0638297872340425	18.0	-1.0547945205479474	0.0	0.8272667107875579	11.11111111111111	23.250702680751633	2.3632457767769446	9.838461538461539	13.185567010309278	0.023245436126769565	0.0	"zoopl_202205_130"	"nan"	"jonas"	"simon"	"lifewatch"	"130"	"5"	"ref"	"5"	"5"	"1"	"wp2"	"5"	"1"	"5"	"1"	"5"	"5"	"1"	"1"	"1111"	"5"	"5"	"5"	"5"	"5"	"5"	"5"	"nan"	"zooprocess_zoopl_202205_130"	"20220802"	"12:39:00.000"	"8.03_picheral_cnrs"	"2400"	"nan"	"0"	"20220801_1024_background_narrow_manual.tif"	"8.09_2022/04/06_picheral_cnrs"	"243"	"0.0106"	"0.3"	"100"	"unused"	"0.0101"	"zooprocess_pid_to_ecotaxa_8.03_2021/11/10"	"d5_zoopl_202205_130"	"zooscan"	"10"	"200"	"32"	"motoda"	"hydroptic_v3"	"9.7.67"	"jonas"	"zooscan"	"20220802"	"12:34:00.000"	"nan"	"3"	"2"	"3"	"3"	"1"	"22192"	"46456"	"9706"	"4994"	"manual"	"no"	"668"	"55777"	"1.8"	"1.15"	"48502"
"zoopl_202205_130_d5_1_43.jpg"	0	"zoopl_202205_130_d5_1_43"	5.833333333333333	-5.833333333333333	"20220501"	"000000"	"http://www.zooscan.obs-vlfr.fr//"	1.0	5.0	"validated"	"Jonas Mortelmans"	"jonas.mortelmans@vliz.be"	"20220802"	"112145"	"artefact"	85008	5.833333333333333	-5.833333333333333	1910.0	241.18	2.033	243.0	234.0	248.0	19.32	59.23	19.33	59.24	894.11	1171.0	8572.0	45.0	147.0	116.0	21.0	97.2	0.03	150.0	460646.0	241.0	-0.464	0.213	7.49	1184.0	8572.0	1767.0	1.349	842.0	0.618	239.0	240.0	241.0	0.0	0.0	0.0	3.0	0.0	0.0	0.0	0.0	0.0	0.0	0.0	8.035	8.177	6.0	6.0	380.0	4180.0	208.315	2.968	1.0	49.314171699869	5.523809523809524	14.0	-0.9498607242339814	0.0	0.8292561572269674	14.285714285714285	21.26763724272035	3.568395510523549	5.96	7.706896551724138	0.027782503385198686	0.0	"zoopl_202205_130"	"nan"	"jonas"	"simon"	"lifewatch"	"130"	"5"	"ref"	"5"	"5"	"1"	"wp2"	"5"	"1"	"5"	"1"	"5"	"5"	"1"	"1"	"1111"	"5"	"5"	"5"	"5"	"5"	"5"	"5"	"nan"	"zooprocess_zoopl_202205_130"	"20220802"	"12:39:00.000"	"8.03_picheral_cnrs"	"2400"	"nan"	"0"	"20220801_1024_background_narrow_manual.tif"	"8.09_2022/04/06_picheral_cnrs"	"243"	"0.0106"	"0.3"	"100"	"unused"	"0.0101"	"zooprocess_pid_to_ecotaxa_8.03_2021/11/10"	"d5_zoopl_202205_130"	"zooscan"	"10"	"200"	"32"	"motoda"	"hydroptic_v3"	"9.7.67"	"jonas"	"zooscan"	"20220802"	"12:34:00.000"	"nan"	"3"	"2"	"3"	"3"	"1"	"22192"	"46456"	"9706"	"4994"	"manual"	"no"	"668"	"55777"	"1.8"	"1.15"	"48502"
"zoopl_202205_130_d5_1_44.jpg"	0	"zoopl_202205_130_d5_1_44"	5.833333333333333	-5.833333333333333	"20220501"	"000000"	"http://www.zooscan.obs-vlfr.fr//"	1.0	5.0	"validated"	"Jonas Mortelmans"	"jonas.mortelmans@vliz.be"	"20220802"	"112145"	"artefact"	85008	5.833333333333333	-5.833333333333333	1183.0	241.07	1.984	243.0	235.0	248.0	16.6	61.4	16.6	61.43	536.08	9318.0	8716.0	35.0	117.0	116.6	12.9	100.3	0.052	120.3	285181.0	241.0	-0.43	0.12	5.66	9325.0	8716.0	1116.0	1.275	501.0	0.387	239.0	240.0	241.0	0.0	0.0	1.0	2.0	0.0	0.0	0.0	0.0	0.0	0.0	0.0	8.406	8.547	5.0	5.0	299.0	2002.0	368.18	2.516	1.0	38.810338589372	9.0	13.0	-1.1416803953871524	0.0	0.8296345459824948	15.384615384615385	16.04474031439189	3.592106040535498	4.466666666666667	4.581196581196581	0.04881400926439921	0.0	"zoopl_202205_130"	"nan"	"jonas"	"simon"	"lifewatch"	"130"	"5"	"ref"	"5"	"5"	"1"	"wp2"	"5"	"1"	"5"	"1"	"5"	"5"	"1"	"1"	"1111"	"5"	"5"	"5"	"5"	"5"	"5"	"5"	"nan"	"zooprocess_zoopl_202205_130"	"20220802"	"12:39:00.000"	"8.03_picheral_cnrs"	"2400"	"nan"	"0"	"20220801_1024_background_narrow_manual.tif"	"8.09_2022/04/06_picheral_cnrs"	"243"	"0.0106"	"0.3"	"100"	"unused"	"0.0101"	"zooprocess_pid_to_ecotaxa_8.03_2021/11/10"	"d5_zoopl_202205_130"	"zooscan"	"10"	"200"	"32"	"motoda"	"hydroptic_v3"	"9.7.67"	"jonas"	"zooscan"	"20220802"	"12:34:00.000"	"nan"	"3"	"2"	"3"	"3"	"1"	"22192"	"46456"	"9706"	"4994"	"manual"	"no"	"668"	"55777"	"1.8"	"1.15"	"48502"
"zoopl_202205_130_d5_1_45.jpg"	0	"zoopl_202205_130_d5_1_45"	5.833333333333333	-5.833333333333333	"20220501"	"000000"	"http://www.zooscan.obs-vlfr.fr//"	1.0	5.0	"validated"	"Jonas Mortelmans"	"jonas.mortelmans@vliz.be"	"20220802"	"112151"	"artefact"	85008	5.833333333333333	-5.833333333333333	15359.0	241.31	2.181	242.0	220.0	249.0	77.38	91.61	77.43	91.61	2497.48	2639.0	8819.0	154.0	166.0	153.5	127.4	132.4	0.031	188.4	3706254.0	241.0	-0.426	1.536	13.33	2707.0	8819.0	13311.0	1.644	5894.0	4.602	239.0	240.0	241.0	0.0	0.0	7.0	11.0	0.0	0.0	0.0	0.0	0.0	0.0	0.0	1.931	2.022	2.0	2.0	636.0	20643.0	215.372	5.542	1.0	139.84164675656308	1.2125984251968505	29.0	-0.36086344439230394	0.0	0.8288094152749574	6.896551724137931	21.642787763806375	1.6294930314760105	13.28191489361702	16.214285714285715	0.026827701330941936	0.0	"zoopl_202205_130"	"nan"	"jonas"	"simon"	"lifewatch"	"130"	"5"	"ref"	"5"	"5"	"1"	"wp2"	"5"	"1"	"5"	"1"	"5"	"5"	"1"	"1"	"1111"	"5"	"5"	"5"	"5"	"5"	"5"	"5"	"nan"	"zooprocess_zoopl_202205_130"	"20220802"	"12:39:00.000"	"8.03_picheral_cnrs"	"2400"	"nan"	"0"	"20220801_1024_background_narrow_manual.tif"	"8.09_2022/04/06_picheral_cnrs"	"243"	"0.0106"	"0.3"	"100"	"unused"	"0.0101"	"zooprocess_pid_to_ecotaxa_8.03_2021/11/10"	"d5_zoopl_202205_130"	"zooscan"	"10"	"200"	"32"	"motoda"	"hydroptic_v3"	"9.7.67"	"jonas"	"zooscan"	"20220802"	"12:34:00.000"	"nan"	"3"	"2"	"3"	"3"	"1"	"22192"	"46456"	"9706"	"4994"	"manual"	"no"	"668"	"55777"	"1.8"	"1.15"	"48502"
"zoopl_202205_130_d5_1_46.jpg"	0	"zoopl_202205_130_d5_1_46"	5.833333333333333	-5.833333333333333	"20220501"	"000000"	"http://www.zooscan.obs-vlfr.fr//"	1.0	5.0	"validated"	"Jonas Mortelmans"	"jonas.mortelmans@vliz.be"	"20220802"	"112151"	"artefact"	85008	5.833333333333333	-5.833333333333333	1560.0	240.3	2.671	243.0	231.0	249.0	20.91	60.93	20.9	60.88	503.11	10141.0	8883.0	41.0	117.0	113.5	17.5	103.5	0.077	118.9	374874.0	241.0	-0.393	-0.18	6.47	10152.0	8883.0	1459.0	1.282	573.0	0.436	237.0	239.0	241.0	0.0	0.0	1.0	4.0	0.0	0.0	0.0	0.0	0.0	0.0	0.0	6.558	6.684	6.0	6.0	311.0	2359.0	378.324	2.759	1.0	44.56740613707347	6.333333333333333	18.0	-0.9354838709677396	0.0	1.2484394506866416	16.666666666666664	13.168622227767639	3.1154394534877716	4.226890756302521	4.412280701754386	0.07246514837950442	0.0	"zoopl_202205_130"	"nan"	"jonas"	"simon"	"lifewatch"	"130"	"5"	"ref"	"5"	"5"	"1"	"wp2"	"5"	"1"	"5"	"1"	"5"	"5"	"1"	"1"	"1111"	"5"	"5"	"5"	"5"	"5"	"5"	"5"	"nan"	"zooprocess_zoopl_202205_130"	"20220802"	"12:39:00.000"	"8.03_picheral_cnrs"	"2400"	"nan"	"0"	"20220801_1024_background_narrow_manual.tif"	"8.09_2022/04/06_picheral_cnrs"	"243"	"0.0106"	"0.3"	"100"	"unused"	"0.0101"	"zooprocess_pid_to_ecotaxa_8.03_2021/11/10"	"d5_zoopl_202205_130"	"zooscan"	"10"	"200"	"32"	"motoda"	"hydroptic_v3"	"9.7.67"	"jonas"	"zooscan"	"20220802"	"12:34:00.000"	"nan"	"3"	"2"	"3"	"3"	"1"	"22192"	"46456"	"9706"	"4994"	"manual"	"no"	"668"	"55777"	"1.8"	"1.15"	"48502"
"zoopl_202205_130_d5_1_47.jpg"	0	"zoopl_202205_130_d5_1_47"	5.833333333333333	-5.833333333333333	"20220501"	"000000"	"http://www.zooscan.obs-vlfr.fr//"	1.0	5.0	"validated"	"Jonas Mortelmans"	"jonas.mortelmans@vliz.be"	"20220802"	"112151"	"artefact"	85008	5.833333333333333	-5.833333333333333	1061.0	240.66	2.258	243.0	232.0	248.0	16.75	48.35	16.73	48.3	404.36	10089.0	8894.0	32.0	90.0	86.5	15.6	102.0	0.082	93.4	255335.0	241.0	-0.689	0.737	4.05	10092.0	8894.0	1018.0	1.244	384.0	0.332	238.0	240.0	241.0	0.0	0.0	0.0	2.0	0.0	0.0	0.0	0.0	0.0	0.0	0.0	5.603	5.731	5.0	6.0	240.0	1590.0	340.953	2.118	1.0	36.754688911266925	5.4375	16.0	-0.8475750577367213	0.0	0.8310479514667997	12.5	12.662150644305898	2.9148020047535854	4.344086021505376	4.64367816091954	0.07837813256921893	0.0	"zoopl_202205_130"	"nan"	"jonas"	"simon"	"lifewatch"	"130"	"5"	"ref"	"5"	"5"	"1"	"wp2"	"5"	"1"	"5"	"1"	"5"	"5"	"1"	"1"	"1111"	"5"	"5"	"5"	"5"	"5"	"5"	"5"	"nan"	"zooprocess_zoopl_202205_130"	"20220802"	"12:39:00.000"	"8.03_picheral_cnrs"	"2400"	"nan"	"0"	"20220801_1024_background_narrow_manual.tif"	"8.09_2022/04/06_picheral_cnrs"	"243"	"0.0106"	"0.3"	"100"	"unused"	"0.0101"	"zooprocess_pid_to_ecotaxa_8.03_2021/11/10"	"d5_zoopl_202205_130"	"zooscan"	"10"	"200"	"32"	"motoda"	"hydroptic_v3"	"9.7.67"	"jonas"	"zooscan"	"20220802"	"12:34:00.000"	"nan"	"3"	"2"	"3"	"3"	"1"	"22192"	"46456"	"9706"	"4994"	"manual"	"no"	"668"	"55777"	"1.8"	"1.15"	"48502"
"zoopl_202205_130_d5_1_48.jpg"	0	"zoopl_202205_130_d5_1_48"	5.833333333333333	-5.833333333333333	"20220501"	"000000"	"http://www.zooscan.obs-vlfr.fr//"	1.0	5.0	"validated"	"Jonas Mortelmans"	"jonas.mortelmans@vliz.be"	"20220802"	"112151"	"artefact"	85008	5.833333333333333	-5.833333333333333	771.0	241.71	1.997	243.0	235.0	249.0	16.56	25.11	16.56	25.09	277.16	8879.0	8934.0	31.0	46.0	41.5	23.7	87.9	0.126	46.1	186356.0	242.0	-0.224	0.414	14.27	8891.0	8934.0	661.0	1.248	366.0	0.247	239.0	241.0	242.0	0.0	0.0	0.0	2.0	0.0	0.0	0.0	0.0	0.0	0.0	0.0	2.224	2.342	2.0	2.0	150.0	1086.0	262.656	3.182	1.0	31.331576548121713	1.75	14.0	-1.08643815201192	0.0	0.8274378387323651	14.285714285714285	10.774051305944134	1.789192635644152	6.021739130434782	6.595238095238095	0.10825595245723799	0.0	"zoopl_202205_130"	"nan"	"jonas"	"simon"	"lifewatch"	"130"	"5"	"ref"	"5"	"5"	"1"	"wp2"	"5"	"1"	"5"	"1"	"5"	"5"	"1"	"1"	"1111"	"5"	"5"	"5"	"5"	"5"	"5"	"5"	"nan"	"zooprocess_zoopl_202205_130"	"20220802"	"12:39:00.000"	"8.03_picheral_cnrs"	"2400"	"nan"	"0"	"20220801_1024_background_narrow_manual.tif"	"8.09_2022/04/06_picheral_cnrs"	"243"	"0.0106"	"0.3"	"100"	"unused"	"0.0101"	"zooprocess_pid_to_ecotaxa_8.03_2021/11/10"	"d5_zoopl_202205_130"	"zooscan"	"10"	"200"	"32"	"motoda"	"hydroptic_v3"	"9.7.67"	"jonas"	"zooscan"	"20220802"	"12:34:00.000"	"nan"	"3"	"2"	"3"	"3"	"1"	"22192"	"46456"	"9706"	"4994"	"manual"	"no"	"668"	"55777"	"1.8"	"1.15"	"48502"
"zoopl_202205_130_d5_1_49.jpg"	0	"zoopl_202205_130_d5_1_49"	5.833333333333333	-5.833333333333333	"20220501"	"000000"	"http://www.zooscan.obs-vlfr.fr//"	1.0	5.0	"validated"	"Jonas Mortelmans"	"jonas.mortelmans@vliz.be"	"20220802"	"112151"	"artefact"	85008	5.833333333333333	-5.833333333333333	1816.0	238.53	3.054	239.0	230.0	248.0	15.08	67.66	15.08	67.7	470.87	7130.0	8939.0	32.0	137.0	140.0	16.5	98.9	0.103	138.6	433178.0	239.0	-0.209	-0.552	1.49	7132.0	8939.0	1789.0	1.231	469.0	0.458	235.0	238.0	240.0	0.0	0.0	2.0	5.0	0.0	0.0	0.0	0.0	0.0	0.0	0.0	7.454	7.506	9.0	9.0	334.0	2471.0	241.188	1.874	1.0	48.08537213372748	8.235294117647058	18.0	-1.110199296600234	0.0	1.2577034335303736	16.666666666666664	11.135654217757583	3.2863183360261234	3.3884892086330933	3.3642857142857143	0.10133941439629536	0.0	"zoopl_202205_130"	"nan"	"jonas"	"simon"	"lifewatch"	"130"	"5"	"ref"	"5"	"5"	"1"	"wp2"	"5"	"1"	"5"	"1"	"5"	"5"	"1"	"1"	"1111"	"5"	"5"	"5"	"5"	"5"	"5"	"5"	"nan"	"zooprocess_zoopl_202205_130"	"20220802"	"12:39:00.000"	"8.03_picheral_cnrs"	"2400"	"nan"	"0"	"20220801_1024_background_narrow_manual.tif"	"8.09_2022/04/06_picheral_cnrs"	"243"	"0.0106"	"0.3"	"100"	"unused"	"0.0101"	"zooprocess_pid_to_ecotaxa_8.03_2021/11/10"	"d5_zoopl_202205_130"	"zooscan"	"10"	"200"	"32"	"motoda"	"hydroptic_v3"	"9.7.67"	"jonas"	"zooscan"	"20220802"	"12:34:00.000"	"nan"	"3"	"2"	"3"	"3"	"1"	"22192"	"46456"	"9706"	"4994"	"manual"	"no"	"668"	"55777"	"1.8"	"1.15"	"48502"
"zoopl_202205_130_d5_1_50.jpg"	0	"zoopl_202205_130_d5_1_50"	5.833333333333333	-5.833333333333333	"20220501"	"000000"	"http://www.zooscan.obs-vlfr.fr//"	1.0	5.0	"validated"	"Jonas Mortelmans"	"jonas.mortelmans@vliz.be"	"20220802"	"112151"	"artefact"	85008	5.833333333333333	-5.833333333333333	1410.0	238.83	3.181	243.0	230.0	247.0	13.67	53.7	13.68	53.71	369.57	7176.0	8945.0	27.0	109.0	108.2	16.6	98.4	0.13	109.4	336747.0	239.0	-0.185	-0.771	3.4	7186.0	8945.0	1362.0	1.227	398.0	0.348	235.0	238.0	240.0	0.0	0.0	1.0	4.0	0.0	0.0	0.0	0.0	0.0	0.0	0.0	5.989	6.082	7.0	7.0	268.0	1931.0	186.969	1.915	1.0	42.37060016186435	6.352941176470588	17.0	-0.9252548131370301	0.0	1.256123602562492	17.647058823529413	10.02566457016299	2.9535065895885566	3.3944954128440368	3.425925925925926	0.12502115980100215	0.0	"zoopl_202205_130"	"nan"	"jonas"	"simon"	"lifewatch"	"130"	"5"	"ref"	"5"	"5"	"1"	"wp2"	"5"	"1"	"5"	"1"	"5"	"5"	"1"	"1"	"1111"	"5"	"5"	"5"	"5"	"5"	"5"	"5"	"nan"	"zooprocess_zoopl_202205_130"	"20220802"	"12:39:00.000"	"8.03_picheral_cnrs"	"2400"	"nan"	"0"	"20220801_1024_background_narrow_manual.tif"	"8.09_2022/04/06_picheral_cnrs"	"243"	"0.0106"	"0.3"	"100"	"unused"	"0.0101"	"zooprocess_pid_to_ecotaxa_8.03_2021/11/10"	"d5_zoopl_202205_130"	"zooscan"	"10"	"200"	"32"	"motoda"	"hydroptic_v3"	"9.7.67"	"jonas"	"zooscan"	"20220802"	"12:34:00.000"	"nan"	"3"	"2"	"3"	"3"	"1"	"22192"	"46456"	"9706"	"4994"	"manual"	"no"	"668"	"55777"	"1.8"	"1.15"	"48502"
"zoopl_202205_130_d5_1_51.jpg"	0	"zoopl_202205_130_d5_1_51"	5.833333333333333	-5.833333333333333	"20220501"	"000000"	"http://www.zooscan.obs-vlfr.fr//"	1.0	5.0	"validated"	"Jonas Mortelmans"	"jonas.mortelmans@vliz.be"	"20220802"	"112151"	"artefact"	85008	5.833333333333333	-5.833333333333333	1074.0	238.56	6.926	242.0	185.0	247.0	17.21	47.71	17.13	47.5	387.91	7081.0	8957.0	32.0	96.0	97.5	14.0	100.8	0.09	98.3	256210.0	240.0	-4.135	20.834	3.45	7088.0	8957.0	1037.0	1.222	360.0	0.286	237.0	239.0	241.0	0.0	0.0	1.0	2.0	0.0	0.0	0.0	0.0	0.0	0.0	0.0	6.35	6.455	7.0	7.0	252.0	1690.0	177.188	1.954	1.0	36.97917347704738	7.0	62.0	-0.15758028379387598	0.0	2.9342723004694835	11.29032258064516	12.048759824464016	3.043243460818231	3.9591836734693877	3.9591836734693877	0.08656157885462365	0.0	"zoopl_202205_130"	"nan"	"jonas"	"simon"	"lifewatch"	"130"	"5"	"ref"	"5"	"5"	"1"	"wp2"	"5"	"1"	"5"	"1"	"5"	"5"	"1"	"1"	"1111"	"5"	"5"	"5"	"5"	"5"	"5"	"5"	"nan"	"zooprocess_zoopl_202205_130"	"20220802"	"12:39:00.000"	"8.03_picheral_cnrs"	"2400"	"nan"	"0"	"20220801_1024_background_narrow_manual.tif"	"8.09_2022/04/06_picheral_cnrs"	"243"	"0.0106"	"0.3"	"100"	"unused"	"0.0101"	"zooprocess_pid_to_ecotaxa_8.03_2021/11/10"	"d5_zoopl_202205_130"	"zooscan"	"10"	"200"	"32"	"motoda"	"hydroptic_v3"	"9.7.67"	"jonas"	"zooscan"	"20220802"	"12:34:00.000"	"nan"	"3"	"2"	"3"	"3"	"1"	"22192"	"46456"	"9706"	"4994"	"manual"	"no"	"668"	"55777"	"1.8"	"1.15"	"48502"
"zoopl_202205_130_d5_1_52.jpg"	0	"zoopl_202205_130_d5_1_52"	5.833333333333333	-5.833333333333333	"20220501"	"000000"	"http://www.zooscan.obs-vlfr.fr//"	1.0	5.0	"validated"	"Jonas Mortelmans"	"jonas.mortelmans@vliz.be"	"20220802"	"112151"	"artefact"	85008	5.833333333333333	-5.833333333333333	4522.0	242.28	1.978	243.0	235.0	250.0	54.81	53.14	54.84	53.12	1390.84	3348.0	9132.0	103.0	114.0	76.3	75.5	144.2	0.029	114.4	1095574.0	242.0	0.084	0.615	22.62	3387.0	9132.0	3499.0	1.536	2021.0	1.407	240.0	241.0	242.0	0.0	0.0	0.0	1.0	0.0	0.0	0.0	0.0	0.0	0.0	0.0	3.041	3.122	4.0	4.0	430.0	8114.0	323.405	2.333	1.0	75.8787797825743	1.0	15.0	-1.0604395604395602	0.0	0.8254911672445105	13.333333333333334	23.515550970960643	1.9272270385977808	12.201754385964913	18.30263157894737	0.02272477262407494	0.0	"zoopl_202205_130"	"nan"	"jonas"	"simon"	"lifewatch"	"130"	"5"	"ref"	"5"	"5"	"1"	"wp2"	"5"	"1"	"5"	"1"	"5"	"5"	"1"	"1"	"1111"	"5"	"5"	"5"	"5"	"5"	"5"	"5"	"nan"	"zooprocess_zoopl_202205_130"	"20220802"	"12:39:00.000"	"8.03_picheral_cnrs"	"2400"	"nan"	"0"	"20220801_1024_background_narrow_manual.tif"	"8.09_2022/04/06_picheral_cnrs"	"243"	"0.0106"	"0.3"	"100"	"unused"	"0.0101"	"zooprocess_pid_to_ecotaxa_8.03_2021/11/10"	"d5_zoopl_202205_130"	"zooscan"	"10"	"200"	"32"	"motoda"	"hydroptic_v3"	"9.7.67"	"jonas"	"zooscan"	"20220802"	"12:34:00.000"	"nan"	"3"	"2"	"3"	"3"	"1"	"22192"	"46456"	"9706"	"4994"	"manual"	"no"	"668"	"55777"	"1.8"	"1.15"	"48502"
"zoopl_202205_130_d5_1_53.jpg"	0	"zoopl_202205_130_d5_1_53"	5.833333333333333	-5.833333333333333	"20220501"	"000000"	"http://www.zooscan.obs-vlfr.fr//"	1.0	5.0	"validated"	"Jonas Mortelmans"	"jonas.mortelmans@vliz.be"	"20220802"	"112151"	"artefact"	85008	5.833333333333333	-5.833333333333333	51897.0	236.74	4.93	241.0	220.0	250.0	114.28	170.44	114.11	170.38	3728.8	3022.0	9162.0	233.0	336.0	331.5	199.3	79.4	0.047	343.3	12286057.0	237.0	-0.342	-0.75	5.14	3112.0	9162.0	49228.0	1.526	9706.0	10.15	232.0	236.0	239.0	0.0	0.0	23.0	17.0	0.0	0.0	0.0	0.0	0.0	0.0	0.0	2.137	2.17	2.0	2.0	1134.0	59168.0	48.894	6.999	1.0	257.0550770810037	1.6683417085427135	30.0	-0.7921146953405008	0.0	2.1120216271014614	16.666666666666664	16.80684858202032	1.54592358906757	10.871720116618075	11.231927710843374	0.044487427087258384	0.0	"zoopl_202205_130"	"nan"	"jonas"	"simon"	"lifewatch"	"130"	"5"	"ref"	"5"	"5"	"1"	"wp2"	"5"	"1"	"5"	"1"	"5"	"5"	"1"	"1"	"1111"	"5"	"5"	"5"	"5"	"5"	"5"	"5"	"nan"	"zooprocess_zoopl_202205_130"	"20220802"	"12:39:00.000"	"8.03_picheral_cnrs"	"2400"	"nan"	"0"	"20220801_1024_background_narrow_manual.tif"	"8.09_2022/04/06_picheral_cnrs"	"243"	"0.0106"	"0.3"	"100"	"unused"	"0.0101"	"zooprocess_pid_to_ecotaxa_8.03_2021/11/10"	"d5_zoopl_202205_130"	"zooscan"	"10"	"200"	"32"	"motoda"	"hydroptic_v3"	"9.7.67"	"jonas"	"zooscan"	"20220802"	"12:34:00.000"	"nan"	"3"	"2"	"3"	"3"	"1"	"22192"	"46456"	"9706"	"4994"	"manual"	"no"	"668"	"55777"	"1.8"	"1.15"	"48502"
"zoopl_202205_130_d5_1_54.jpg"	0	"zoopl_202205_130_d5_1_54"	5.833333333333333	-5.833333333333333	"20220501"	"000000"	"http://www.zooscan.obs-vlfr.fr//"	1.0	5.0	"validated"	"Jonas Mortelmans"	"jonas.mortelmans@vliz.be"	"20220802"	"112151"	"artefact"	85008	5.833333333333333	-5.833333333333333	860.0	241.49	1.808	243.0	235.0	248.0	14.75	43.8	14.75	43.8	458.68	7076.0	9167.0	29.0	77.0	65.7	16.7	100.4	0.051	79.3	207685.0	242.0	-0.43	0.517	8.14	7082.0	9167.0	790.0	1.267	427.0	0.297	239.0	240.0	242.0	0.0	0.0	0.0	1.0	0.0	0.0	0.0	0.0	0.0	0.0	0.0	4.913	5.073	3.0	3.0	207.0	1435.0	389.026	3.733	1.0	33.090572803628525	3.8823529411764706	13.0	-1.0030816640986104	0.0	0.8281916435463166	15.384615384615385	16.33048713684262	2.8106938645110393	5.810126582278481	6.954545454545454	0.0471206838079549	0.0	"zoopl_202205_130"	"nan"	"jonas"	"simon"	"lifewatch"	"130"	"5"	"ref"	"5"	"5"	"1"	"wp2"	"5"	"1"	"5"	"1"	"5"	"5"	"1"	"1"	"1111"	"5"	"5"	"5"	"5"	"5"	"5"	"5"	"nan"	"zooprocess_zoopl_202205_130"	"20220802"	"12:39:00.000"	"8.03_picheral_cnrs"	"2400"	"nan"	"0"	"20220801_1024_background_narrow_manual.tif"	"8.09_2022/04/06_picheral_cnrs"	"243"	"0.0106"	"0.3"	"100"	"unused"	"0.0101"	"zooprocess_pid_to_ecotaxa_8.03_2021/11/10"	"d5_zoopl_202205_130"	"zooscan"	"10"	"200"	"32"	"motoda"	"hydroptic_v3"	"9.7.67"	"jonas"	"zooscan"	"20220802"	"12:34:00.000"	"nan"	"3"	"2"	"3"	"3"	"1"	"22192"	"46456"	"9706"	"4994"	"manual"	"no"	"668"	"55777"	"1.8"	"1.15"	"48502"
"zoopl_202205_130_d5_1_55.jpg"	0	"zoopl_202205_130_d5_1_55"	5.833333333333333	-5.833333333333333	"20220501"	"000000"	"http://www.zooscan.obs-vlfr.fr//"	1.0	5.0	"validated"	"Jonas Mortelmans"	"jonas.mortelmans@vliz.be"	"20220802"	"112151"	"artefact"	85008	5.833333333333333	-5.833333333333333	1328.0	241.17	2.053	243.0	233.0	247.0	14.6	71.75	14.59	71.76	598.99	4655.0	9169.0	30.0	137.0	117.7	14.4	96.2	0.047	137.8	320271.0	241.0	-0.515	0.381	7.61	4659.0	9169.0	1227.0	1.282	570.0	0.429	239.0	240.0	241.0	0.0	0.0	0.0	2.0	0.0	0.0	0.0	0.0	0.0	0.0	0.0	9.943	10.043	6.0	6.0	330.0	2436.0	309.958	2.123	1.0	41.12009381565534	8.428571428571429	14.0	-0.7135862913096721	0.0	0.8292905419413693	14.285714285714285	17.100331952720556	3.9396424198254363	4.340579710144928	5.076271186440678	0.04297350549139692	0.0	"zoopl_202205_130"	"nan"	"jonas"	"simon"	"lifewatch"	"130"	"5"	"ref"	"5"	"5"	"1"	"wp2"	"5"	"1"	"5"	"1"	"5"	"5"	"1"	"1"	"1111"	"5"	"5"	"5"	"5"	"5"	"5"	"5"	"nan"	"zooprocess_zoopl_202205_130"	"20220802"	"12:39:00.000"	"8.03_picheral_cnrs"	"2400"	"nan"	"0"	"20220801_1024_background_narrow_manual.tif"	"8.09_2022/04/06_picheral_cnrs"	"243"	"0.0106"	"0.3"	"100"	"unused"	"0.0101"	"zooprocess_pid_to_ecotaxa_8.03_2021/11/10"	"d5_zoopl_202205_130"	"zooscan"	"10"	"200"	"32"	"motoda"	"hydroptic_v3"	"9.7.67"	"jonas"	"zooscan"	"20220802"	"12:34:00.000"	"nan"	"3"	"2"	"3"	"3"	"1"	"22192"	"46456"	"9706"	"4994"	"manual"	"no"	"668"	"55777"	"1.8"	"1.15"	"48502"
"zoopl_202205_130_d5_1_56.jpg"	0	"zoopl_202205_130_d5_1_56"	5.833333333333333	-5.833333333333333	"20220501"	"000000"	"http://www.zooscan.obs-vlfr.fr//"	1.0	5.0	"validated"	"Jonas Mortelmans"	"jonas.mortelmans@vliz.be"	"20220802"	"112151"	"artefact"	85008	5.833333333333333	-5.833333333333333	1095.0	240.48	2.105	240.0	234.0	247.0	13.66	49.43	13.67	49.44	372.84	4694.0	9172.0	27.0	98.0	97.6	14.3	99.5	0.099	99.8	263331.0	241.0	-0.235	-0.26	3.93	4695.0	9172.0	1052.0	1.237	386.0	0.338	238.0	239.0	241.0	0.0	0.0	0.0	1.0	0.0	0.0	0.0	0.0	0.0	0.0	0.0	6.258	6.358	7.0	7.0	246.0	1555.0	241.636	2.265	1.0	37.338951531678056	7.0	13.0	-1.006172839506176	0.0	0.8316699933466402	15.384615384615385	11.500082657993568	3.083132079891037	3.73	3.806122448979592	0.09501844968558568	0.0	"zoopl_202205_130"	"nan"	"jonas"	"simon"	"lifewatch"	"130"	"5"	"ref"	"5"	"5"	"1"	"wp2"	"5"	"1"	"5"	"1"	"5"	"5"	"1"	"1"	"1111"	"5"	"5"	"5"	"5"	"5"	"5"	"5"	"nan"	"zooprocess_zoopl_202205_130"	"20220802"	"12:39:00.000"	"8.03_picheral_cnrs"	"2400"	"nan"	"0"	"20220801_1024_background_narrow_manual.tif"	"8.09_2022/04/06_picheral_cnrs"	"243"	"0.0106"	"0.3"	"100"	"unused"	"0.0101"	"zooprocess_pid_to_ecotaxa_8.03_2021/11/10"	"d5_zoopl_202205_130"	"zooscan"	"10"	"200"	"32"	"motoda"	"hydroptic_v3"	"9.7.67"	"jonas"	"zooscan"	"20220802"	"12:34:00.000"	"nan"	"3"	"2"	"3"	"3"	"1"	"22192"	"46456"	"9706"	"4994"	"manual"	"no"	"668"	"55777"	"1.8"	"1.15"	"48502"
"zoopl_202205_130_d5_1_57.jpg"	0	"zoopl_202205_130_d5_1_57"	5.833333333333333	-5.833333333333333	"20220501"	"000000"	"http://www.zooscan.obs-vlfr.fr//"	1.0	5.0	"validated"	"Jonas Mortelmans"	"jonas.mortelmans@vliz.be"	"20220802"	"112151"	"artefact"	85008	5.833333333333333	-5.833333333333333	1119.0	241.13	2.838	243.0	221.0	248.0	17.81	50.46	17.81	50.49	550.12	772.0	9217.0	41.0	97.0	93.2	15.3	103.1	0.046	102.5	269825.0	242.0	-2.578	11.298	8.4	776.0	9217.0	1025.0	1.292	534.0	0.37	239.0	240.0	242.0	0.0	0.0	1.0	1.0	0.0	0.0	0.0	0.0	0.0	0.0	0.0	6.428	6.565	4.0	4.0	272.0	2080.0	378.743	3.036	1.0	37.7459276023076	6.2	27.0	-0.34128166915052194	0.0	1.2441421639779373	11.11111111111111	17.179113807746667	3.217179494905285	5.339805825242719	5.913978494623656	0.04258026406518397	0.0	"zoopl_202205_130"	"nan"	"jonas"	"simon"	"lifewatch"	"130"	"5"	"ref"	"5"	"5"	"1"	"wp2"	"5"	"1"	"5"	"1"	"5"	"5"	"1"	"1"	"1111"	"5"	"5"	"5"	"5"	"5"	"5"	"5"	"nan"	"zooprocess_zoopl_202205_130"	"20220802"	"12:39:00.000"	"8.03_picheral_cnrs"	"2400"	"nan"	"0"	"20220801_1024_background_narrow_manual.tif"	"8.09_2022/04/06_picheral_cnrs"	"243"	"0.0106"	"0.3"	"100"	"unused"	"0.0101"	"zooprocess_pid_to_ecotaxa_8.03_2021/11/10"	"d5_zoopl_202205_130"	"zooscan"	"10"	"200"	"32"	"motoda"	"hydroptic_v3"	"9.7.67"	"jonas"	"zooscan"	"20220802"	"12:34:00.000"	"nan"	"3"	"2"	"3"	"3"	"1"	"22192"	"46456"	"9706"	"4994"	"manual"	"no"	"668"	"55777"	"1.8"	"1.15"	"48502"
"zoopl_202205_130_d5_1_58.jpg"	0	"zoopl_202205_130_d5_1_58"	5.833333333333333	-5.833333333333333	"20220501"	"000000"	"http://www.zooscan.obs-vlfr.fr//"	1.0	5.0	"validated"	"Jonas Mortelmans"	"jonas.mortelmans@vliz.be"	"20220802"	"112151"	"artefact"	85008	5.833333333333333	-5.833333333333333	28893.0	233.53	7.339	242.0	213.0	254.0	93.0	124.79	93.39	125.12	2119.87	2743.0	9231.0	204.0	241.0	247.3	148.7	117.7	0.081	261.9	6747413.0	235.0	-0.378	-0.905	3.89	2823.0	9231.0	27770.0	1.406	4886.0	4.678	226.0	233.0	238.0	0.0	0.0	4.0	6.0	0.0	0.0	0.0	0.0	0.0	0.0	0.0	2.304	2.309	2.0	2.0	886.0	32833.0	106.426	17.968	1.0	191.80122566353182	1.657718120805369	41.0	-0.9970774476376034	0.0	2.997473558001113	17.073170731707318	12.72178117405528	1.5722201262275866	8.091603053435115	8.582995951417004	0.0776450943308905	0.0	"zoopl_202205_130"	"nan"	"jonas"	"simon"	"lifewatch"	"130"	"5"	"ref"	"5"	"5"	"1"	"wp2"	"5"	"1"	"5"	"1"	"5"	"5"	"1"	"1"	"1111"	"5"	"5"	"5"	"5"	"5"	"5"	"5"	"nan"	"zooprocess_zoopl_202205_130"	"20220802"	"12:39:00.000"	"8.03_picheral_cnrs"	"2400"	"nan"	"0"	"20220801_1024_background_narrow_manual.tif"	"8.09_2022/04/06_picheral_cnrs"	"243"	"0.0106"	"0.3"	"100"	"unused"	"0.0101"	"zooprocess_pid_to_ecotaxa_8.03_2021/11/10"	"d5_zoopl_202205_130"	"zooscan"	"10"	"200"	"32"	"motoda"	"hydroptic_v3"	"9.7.67"	"jonas"	"zooscan"	"20220802"	"12:34:00.000"	"nan"	"3"	"2"	"3"	"3"	"1"	"22192"	"46456"	"9706"	"4994"	"manual"	"no"	"668"	"55777"	"1.8"	"1.15"	"48502"
"zoopl_202205_130_d5_1_59.jpg"	0	"zoopl_202205_130_d5_1_59"	5.833333333333333	-5.833333333333333	"20220501"	"000000"	"http://www.zooscan.obs-vlfr.fr//"	1.0	5.0	"validated"	"Jonas Mortelmans"	"jonas.mortelmans@vliz.be"	"20220802"	"112151"	"artefact"	85008	5.833333333333333	-5.833333333333333	3248.0	242.37	1.807	243.0	235.0	252.0	36.57	57.26	36.58	57.27	1338.41	2317.0	9249.0	76.0	102.0	81.7	50.6	121.0	0.023	120.1	787223.0	242.0	0.045	0.918	21.46	2323.0	9249.0	2551.0	1.509	1635.0	1.084	240.0	241.0	242.0	0.0	0.0	0.0	1.0	0.0	0.0	0.0	0.0	0.0	0.0	0.0	2.801	2.91	4.0	4.0	352.0	5746.0	143.516	2.241	1.0	64.30771369983393	1.607843137254902	17.0	-1.3066485753052903	0.0	0.825184635062095	11.76470588235294	26.49115441520241	2.3758882883589605	11.15	16.317073170731707	0.01790639233379933	0.0	"zoopl_202205_130"	"nan"	"jonas"	"simon"	"lifewatch"	"130"	"5"	"ref"	"5"	"5"	"1"	"wp2"	"5"	"1"	"5"	"1"	"5"	"5"	"1"	"1"	"1111"	"5"	"5"	"5"	"5"	"5"	"5"	"5"	"nan"	"zooprocess_zoopl_202205_130"	"20220802"	"12:39:00.000"	"8.03_picheral_cnrs"	"2400"	"nan"	"0"	"20220801_1024_background_narrow_manual.tif"	"8.09_2022/04/06_picheral_cnrs"	"243"	"0.0106"	"0.3"	"100"	"unused"	"0.0101"	"zooprocess_pid_to_ecotaxa_8.03_2021/11/10"	"d5_zoopl_202205_130"	"zooscan"	"10"	"200"	"32"	"motoda"	"hydroptic_v3"	"9.7.67"	"jonas"	"zooscan"	"20220802"	"12:34:00.000"	"nan"	"3"	"2"	"3"	"3"	"1"	"22192"	"46456"	"9706"	"4994"	"manual"	"no"	"668"	"55777"	"1.8"	"1.15"	"48502"
"zoopl_202205_130_d5_1_60.jpg"	0	"zoopl_202205_130_d5_1_60"	5.833333333333333	-5.833333333333333	"20220501"	"000000"	"http://www.zooscan.obs-vlfr.fr//"	1.0	5.0	"validated"	"Jonas Mortelmans"	"jonas.mortelmans@vliz.be"	"20220802"	"112151"	"artefact"	85008	5.833333333333333	-5.833333333333333	1132.0	241.3	1.991	243.0	233.0	249.0	19.4	51.49	19.41	51.5	525.45	13313.0	9260.0	41.0	105.0	106.1	13.6	101.8	0.052	108.4	273153.0	241.0	-0.339	0.818	7.6	13319.0	9260.0	1046.0	1.279	520.0	0.377	239.0	240.0	241.0	0.0	0.0	0.0	1.0	0.0	0.0	0.0	0.0	0.0	0.0	0.0	7.454	7.573	4.0	4.0	288.0	1967.0	467.669	3.491	1.0	37.96455142155909	7.571428571428571	16.0	-0.9277108433734913	1.0	0.8288437629506838	12.5	16.232800870206542	3.339319036156774	4.861111111111111	4.952830188679245	0.047689518957350366	0.030919620705155318	"zoopl_202205_130"	"nan"	"jonas"	"simon"	"lifewatch"	"130"	"5"	"ref"	"5"	"5"	"1"	"wp2"	"5"	"1"	"5"	"1"	"5"	"5"	"1"	"1"	"1111"	"5"	"5"	"5"	"5"	"5"	"5"	"5"	"nan"	"zooprocess_zoopl_202205_130"	"20220802"	"12:39:00.000"	"8.03_picheral_cnrs"	"2400"	"nan"	"0"	"20220801_1024_background_narrow_manual.tif"	"8.09_2022/04/06_picheral_cnrs"	"243"	"0.0106"	"0.3"	"100"	"unused"	"0.0101"	"zooprocess_pid_to_ecotaxa_8.03_2021/11/10"	"d5_zoopl_202205_130"	"zooscan"	"10"	"200"	"32"	"motoda"	"hydroptic_v3"	"9.7.67"	"jonas"	"zooscan"	"20220802"	"12:34:00.000"	"nan"	"3"	"2"	"3"	"3"	"1"	"22192"	"46456"	"9706"	"4994"	"manual"	"no"	"668"	"55777"	"1.8"	"1.15"	"48502"
"zoopl_202205_130_d5_1_61.jpg"	0	"zoopl_202205_130_d5_1_61"	5.833333333333333	-5.833333333333333	"20220501"	"000000"	"http://www.zooscan.obs-vlfr.fr//"	1.0	5.0	"validated"	"Jonas Mortelmans"	"jonas.mortelmans@vliz.be"	"20220802"	"112151"	"artefact"	85008	5.833333333333333	-5.833333333333333	983.0	240.99	2.421	242.0	232.0	249.0	15.94	44.92	15.93	44.87	421.71	7177.0	9279.0	34.0	80.0	75.1	16.7	103.9	0.069	85.1	236891.0	241.0	-0.697	0.757	8.75	7178.0	9279.0	897.0	1.26	429.0	0.302	238.0	240.0	241.0	0.0	0.0	1.0	2.0	0.0	0.0	0.0	0.0	0.0	0.0	0.0	4.798	5.065	3.0	3.0	224.0	1671.0	310.183	2.25	1.0	35.37788111906457	4.411764705882353	17.0	-0.8909899888765276	0.0	0.8299099547699075	11.76470588235294	14.090169885507152	2.8380673940002556	4.964705882352941	5.626666666666667	0.0632961660849946	0.0	"zoopl_202205_130"	"nan"	"jonas"	"simon"	"lifewatch"	"130"	"5"	"ref"	"5"	"5"	"1"	"wp2"	"5"	"1"	"5"	"1"	"5"	"5"	"1"	"1"	"1111"	"5"	"5"	"5"	"5"	"5"	"5"	"5"	"nan"	"zooprocess_zoopl_202205_130"	"20220802"	"12:39:00.000"	"8.03_picheral_cnrs"	"2400"	"nan"	"0"	"20220801_1024_background_narrow_manual.tif"	"8.09_2022/04/06_picheral_cnrs"	"243"	"0.0106"	"0.3"	"100"	"unused"	"0.0101"	"zooprocess_pid_to_ecotaxa_8.03_2021/11/10"	"d5_zoopl_202205_130"	"zooscan"	"10"	"200"	"32"	"motoda"	"hydroptic_v3"	"9.7.67"	"jonas"	"zooscan"	"20220802"	"12:34:00.000"	"nan"	"3"	"2"	"3"	"3"	"1"	"22192"	"46456"	"9706"	"4994"	"manual"	"no"	"668"	"55777"	"1.8"	"1.15"	"48502"
"zoopl_202205_130_d5_1_62.jpg"	0	"zoopl_202205_130_d5_1_62"	5.833333333333333	-5.833333333333333	"20220501"	"000000"	"http://www.zooscan.obs-vlfr.fr//"	1.0	5.0	"validated"	"Jonas Mortelmans"	"jonas.mortelmans@vliz.be"	"20220802"	"112151"	"artefact"	85008	5.833333333333333	-5.833333333333333	1230.0	240.98	2.063	242.0	233.0	247.0	13.11	40.23	13.11	40.27	446.3	7146.0	9358.0	28.0	84.0	82.1	19.1	93.5	0.078	86.3	296404.0	241.0	-0.46	0.558	6.91	7147.0	9358.0	1145.0	1.289	521.0	0.391	239.0	240.0	241.0	0.0	0.0	0.0	2.0	0.0	0.0	0.0	0.0	0.0	0.0	0.0	4.021	4.117	2.0	2.0	220.0	1969.0	325.85	2.739	1.0	39.573787284315486	4.315789473684211	14.0	-0.7543859649122829	0.0	0.8299443937256205	14.285714285714285	13.180506977811579	2.5415327356318294	5.186046511627907	5.439024390243903	0.07233452489212155	0.0	"zoopl_202205_130"	"nan"	"jonas"	"simon"	"lifewatch"	"130"	"5"	"ref"	"5"	"5"	"1"	"wp2"	"5"	"1"	"5"	"1"	"5"	"5"	"1"	"1"	"1111"	"5"	"5"	"5"	"5"	"5"	"5"	"5"	"nan"	"zooprocess_zoopl_202205_130"	"20220802"	"12:39:00.000"	"8.03_picheral_cnrs"	"2400"	"nan"	"0"	"20220801_1024_background_narrow_manual.tif"	"8.09_2022/04/06_picheral_cnrs"	"243"	"0.0106"	"0.3"	"100"	"unused"	"0.0101"	"zooprocess_pid_to_ecotaxa_8.03_2021/11/10"	"d5_zoopl_202205_130"	"zooscan"	"10"	"200"	"32"	"motoda"	"hydroptic_v3"	"9.7.67"	"jonas"	"zooscan"	"20220802"	"12:34:00.000"	"nan"	"3"	"2"	"3"	"3"	"1"	"22192"	"46456"	"9706"	"4994"	"manual"	"no"	"668"	"55777"	"1.8"	"1.15"	"48502"
"zoopl_202205_130_d5_1_63.jpg"	0	"zoopl_202205_130_d5_1_63"	5.833333333333333	-5.833333333333333	"20220501"	"000000"	"http://www.zooscan.obs-vlfr.fr//"	1.0	5.0	"validated"	"Jonas Mortelmans"	"jonas.mortelmans@vliz.be"	"20220802"	"112151"	"artefact"	85008	5.833333333333333	-5.833333333333333	4132.0	242.69	1.786	243.0	232.0	250.0	48.74	49.29	48.72	49.26	1664.12	3626.0	9394.0	107.0	122.0	86.2	61.1	124.2	0.019	124.4	1002783.0	243.0	0.064	1.206	26.82	3670.0	9394.0	3024.0	1.537	2000.0	1.357	240.0	241.0	242.0	0.0	0.0	0.0	1.0	0.0	0.0	0.0	0.0	0.0	0.0	0.0	3.708	3.87	4.0	4.0	454.0	8466.0	92.812	3.441	1.0	72.53292906567121	1.4098360655737705	18.0	-0.683816651075772	0.0	0.8240965841196588	11.11111111111111	30.25954744605761	2.2549181991052545	13.419354838709678	19.348837209302324	0.013724135806408815	0.0	"zoopl_202205_130"	"nan"	"jonas"	"simon"	"lifewatch"	"130"	"5"	"ref"	"5"	"5"	"1"	"wp2"	"5"	"1"	"5"	"1"	"5"	"5"	"1"	"1"	"1111"	"5"	"5"	"5"	"5"	"5"	"5"	"5"	"nan"	"zooprocess_zoopl_202205_130"	"20220802"	"12:39:00.000"	"8.03_picheral_cnrs"	"2400"	"nan"	"0"	"20220801_1024_background_narrow_manual.tif"	"8.09_2022/04/06_picheral_cnrs"	"243"	"0.0106"	"0.3"	"100"	"unused"	"0.0101"	"zooprocess_pid_to_ecotaxa_8.03_2021/11/10"	"d5_zoopl_202205_130"	"zooscan"	"10"	"200"	"32"	"motoda"	"hydroptic_v3"	"9.7.67"	"jonas"	"zooscan"	"20220802"	"12:34:00.000"	"nan"	"3"	"2"	"3"	"3"	"1"	"22192"	"46456"	"9706"	"4994"	"manual"	"no"	"668"	"55777"	"1.8"	"1.15"	"48502"
"zoopl_202205_130_d5_1_64.jpg"	0	"zoopl_202205_130_d5_1_64"	5.833333333333333	-5.833333333333333	"20220501"	"000000"	"http://www.zooscan.obs-vlfr.fr//"	1.0	5.0	"validated"	"Jonas Mortelmans"	"jonas.mortelmans@vliz.be"	"20220802"	"112151"	"artefact"	85008	5.833333333333333	-5.833333333333333	1124.0	240.97	1.901	242.0	234.0	248.0	15.39	54.16	15.4	54.19	526.14	5213.0	9456.0	31.0	116.0	116.6	12.3	100.3	0.051	118.3	270845.0	241.0	-0.663	0.391	3.11	5216.0	9456.0	1089.0	1.255	460.0	0.382	239.0	240.0	241.0	0.0	0.0	0.0	3.0	0.0	0.0	0.0	0.0	0.0	0.0	0.0	8.66	8.794	6.0	6.0	290.0	1892.0	406.897	2.232	1.0	37.83016320718592	9.75	14.0	-1.0086083213773318	0.0	0.8299788355396939	14.285714285714285	15.93939393939394	3.5757575757575757	4.4576271186440675	4.495726495726496	0.04946138298600941	0.0	"zoopl_202205_130"	"nan"	"jonas"	"simon"	"lifewatch"	"130"	"5"	"ref"	"5"	"5"	"1"	"wp2"	"5"	"1"	"5"	"1"	"5"	"5"	"1"	"1"	"1111"	"5"	"5"	"5"	"5"	"5"	"5"	"5"	"nan"	"zooprocess_zoopl_202205_130"	"20220802"	"12:39:00.000"	"8.03_picheral_cnrs"	"2400"	"nan"	"0"	"20220801_1024_background_narrow_manual.tif"	"8.09_2022/04/06_picheral_cnrs"	"243"	"0.0106"	"0.3"	"100"	"unused"	"0.0101"	"zooprocess_pid_to_ecotaxa_8.03_2021/11/10"	"d5_zoopl_202205_130"	"zooscan"	"10"	"200"	"32"	"motoda"	"hydroptic_v3"	"9.7.67"	"jonas"	"zooscan"	"20220802"	"12:34:00.000"	"nan"	"3"	"2"	"3"	"3"	"1"	"22192"	"46456"	"9706"	"4994"	"manual"	"no"	"668"	"55777"	"1.8"	"1.15"	"48502"
"zoopl_202205_130_d5_1_65.jpg"	0	"zoopl_202205_130_d5_1_65"	5.833333333333333	-5.833333333333333	"20220501"	"000000"	"http://www.zooscan.obs-vlfr.fr//"	1.0	5.0	"validated"	"Jonas Mortelmans"	"jonas.mortelmans@vliz.be"	"20220802"	"112151"	"artefact"	85008	5.833333333333333	-5.833333333333333	1344.0	241.72	1.853	243.0	235.0	248.0	31.87	66.28	31.87	66.27	691.86	10894.0	9500.0	58.0	121.0	111.2	15.4	107.2	0.035	127.8	324867.0	242.0	-0.175	0.699	11.53	10902.0	9500.0	1189.0	1.318	718.0	0.457	239.0	241.0	242.0	0.0	0.0	0.0	1.0	0.0	0.0	0.0	0.0	0.0	0.0	0.0	8.869	8.977	5.0	5.0	353.0	2888.0	200.938	2.203	1.0	41.367063566611286	7.4	13.0	-0.9345238095238099	0.0	0.8274036074797286	15.384615384615385	20.068511753574658	3.712094659620746	5.40625	6.2342342342342345	0.03120179144908169	0.0	"zoopl_202205_130"	"nan"	"jonas"	"simon"	"lifewatch"	"130"	"5"	"ref"	"5"	"5"	"1"	"wp2"	"5"	"1"	"5"	"1"	"5"	"5"	"1"	"1"	"1111"	"5"	"5"	"5"	"5"	"5"	"5"	"5"	"nan"	"zooprocess_zoopl_202205_130"	"20220802"	"12:39:00.000"	"8.03_picheral_cnrs"	"2400"	"nan"	"0"	"20220801_1024_background_narrow_manual.tif"	"8.09_2022/04/06_picheral_cnrs"	"243"	"0.0106"	"0.3"	"100"	"unused"	"0.0101"	"zooprocess_pid_to_ecotaxa_8.03_2021/11/10"	"d5_zoopl_202205_130"	"zooscan"	"10"	"200"	"32"	"motoda"	"hydroptic_v3"	"9.7.67"	"jonas"	"zooscan"	"20220802"	"12:34:00.000"	"nan"	"3"	"2"	"3"	"3"	"1"	"22192"	"46456"	"9706"	"4994"	"manual"	"no"	"668"	"55777"	"1.8"	"1.15"	"48502"
"zoopl_202205_130_d5_1_66.jpg"	0	"zoopl_202205_130_d5_1_66"	5.833333333333333	-5.833333333333333	"20220501"	"000000"	"http://www.zooscan.obs-vlfr.fr//"	1.0	5.0	"validated"	"Jonas Mortelmans"	"jonas.mortelmans@vliz.be"	"20220802"	"112151"	"artefact"	85008	5.833333333333333	-5.833333333333333	1563.0	241.09	2.748	242.0	218.0	249.0	22.62	56.19	22.64	56.2	684.69	10847.0	9518.0	45.0	120.0	107.2	18.6	103.1	0.042	124.5	376822.0	242.0	-2.722	15.093	8.45	10855.0	9518.0	1431.0	1.323	710.0	0.504	239.0	240.0	241.0	0.0	0.0	1.0	1.0	0.0	0.0	0.0	0.0	0.0	0.0	0.0	6.799	6.956	6.0	6.0	326.0	2913.0	172.386	2.708	1.0	44.610238829455504	5.631578947368421	31.0	-0.3425725422260717	0.0	1.244348583516529	9.67741935483871	18.108011207230955	3.3043816071589336	5.48	6.401869158878505	0.03832378144631675	0.0	"zoopl_202205_130"	"nan"	"jonas"	"simon"	"lifewatch"	"130"	"5"	"ref"	"5"	"5"	"1"	"wp2"	"5"	"1"	"5"	"1"	"5"	"5"	"1"	"1"	"1111"	"5"	"5"	"5"	"5"	"5"	"5"	"5"	"nan"	"zooprocess_zoopl_202205_130"	"20220802"	"12:39:00.000"	"8.03_picheral_cnrs"	"2400"	"nan"	"0"	"20220801_1024_background_narrow_manual.tif"	"8.09_2022/04/06_picheral_cnrs"	"243"	"0.0106"	"0.3"	"100"	"unused"	"0.0101"	"zooprocess_pid_to_ecotaxa_8.03_2021/11/10"	"d5_zoopl_202205_130"	"zooscan"	"10"	"200"	"32"	"motoda"	"hydroptic_v3"	"9.7.67"	"jonas"	"zooscan"	"20220802"	"12:34:00.000"	"nan"	"3"	"2"	"3"	"3"	"1"	"22192"	"46456"	"9706"	"4994"	"manual"	"no"	"668"	"55777"	"1.8"	"1.15"	"48502"
"zoopl_202205_130_d5_1_67.jpg"	0	"zoopl_202205_130_d5_1_67"	5.833333333333333	-5.833333333333333	"20220501"	"000000"	"http://www.zooscan.obs-vlfr.fr//"	1.0	5.0	"validated"	"Jonas Mortelmans"	"jonas.mortelmans@vliz.be"	"20220802"	"112151"	"artefact"	85008	5.833333333333333	-5.833333333333333	755.0	241.41	1.931	243.0	234.0	247.0	12.72	37.35	12.72	37.37	326.07	5675.0	9594.0	25.0	81.0	77.2	12.4	101.4	0.089	81.3	182265.0	242.0	-0.655	0.988	7.81	5687.0	9594.0	696.0	1.22	327.0	0.257	239.0	240.0	242.0	0.0	0.0	0.0	0.0	0.0	0.0	0.0	0.0	0.0	0.0	0.0	6.144	6.295	5.0	5.0	208.0	1140.0	218.199	2.462	1.0	31.004771508189638	6.416666666666667	13.0	-0.7543859649122815	0.0	0.8284660950250612	15.384615384615385	12.356998110336125	3.0702970764945587	4.0246913580246915	4.233766233766234	0.0822969809514282	0.0	"zoopl_202205_130"	"nan"	"jonas"	"simon"	"lifewatch"	"130"	"5"	"ref"	"5"	"5"	"1"	"wp2"	"5"	"1"	"5"	"1"	"5"	"5"	"1"	"1"	"1111"	"5"	"5"	"5"	"5"	"5"	"5"	"5"	"nan"	"zooprocess_zoopl_202205_130"	"20220802"	"12:39:00.000"	"8.03_picheral_cnrs"	"2400"	"nan"	"0"	"20220801_1024_background_narrow_manual.tif"	"8.09_2022/04/06_picheral_cnrs"	"243"	"0.0106"	"0.3"	"100"	"unused"	"0.0101"	"zooprocess_pid_to_ecotaxa_8.03_2021/11/10"	"d5_zoopl_202205_130"	"zooscan"	"10"	"200"	"32"	"motoda"	"hydroptic_v3"	"9.7.67"	"jonas"	"zooscan"	"20220802"	"12:34:00.000"	"nan"	"3"	"2"	"3"	"3"	"1"	"22192"	"46456"	"9706"	"4994"	"manual"	"no"	"668"	"55777"	"1.8"	"1.15"	"48502"
"zoopl_202205_130_d5_1_68.jpg"	0	"zoopl_202205_130_d5_1_68"	5.833333333333333	-5.833333333333333	"20220501"	"000000"	"http://www.zooscan.obs-vlfr.fr//"	1.0	5.0	"validated"	"Jonas Mortelmans"	"jonas.mortelmans@vliz.be"	"20220802"	"112151"	"artefact"	85008	5.833333333333333	-5.833333333333333	870.0	241.16	2.866	243.0	226.0	248.0	20.82	33.06	20.81	33.06	429.19	6888.0	9618.0	44.0	60.0	63.2	17.5	115.0	0.059	71.8	209806.0	242.0	-2.141	7.092	9.31	6890.0	9618.0	789.0	1.269	429.0	0.285	239.0	241.0	242.0	0.0	0.0	2.0	3.0	0.0	0.0	0.0	0.0	0.0	0.0	0.0	3.83	4.001	4.0	4.0	204.0	1435.0	366.058	2.333	1.0	33.282403818227905	3.5	22.0	-0.4511873350923486	0.0	1.2439873942610715	13.636363636363635	15.272804429216	2.563267876232056	5.958333333333333	6.809523809523809	0.053873139217507984	0.0	"zoopl_202205_130"	"nan"	"jonas"	"simon"	"lifewatch"	"130"	"5"	"ref"	"5"	"5"	"1"	"wp2"	"5"	"1"	"5"	"1"	"5"	"5"	"1"	"1"	"1111"	"5"	"5"	"5"	"5"	"5"	"5"	"5"	"nan"	"zooprocess_zoopl_202205_130"	"20220802"	"12:39:00.000"	"8.03_picheral_cnrs"	"2400"	"nan"	"0"	"20220801_1024_background_narrow_manual.tif"	"8.09_2022/04/06_picheral_cnrs"	"243"	"0.0106"	"0.3"	"100"	"unused"	"0.0101"	"zooprocess_pid_to_ecotaxa_8.03_2021/11/10"	"d5_zoopl_202205_130"	"zooscan"	"10"	"200"	"32"	"motoda"	"hydroptic_v3"	"9.7.67"	"jonas"	"zooscan"	"20220802"	"12:34:00.000"	"nan"	"3"	"2"	"3"	"3"	"1"	"22192"	"46456"	"9706"	"4994"	"manual"	"no"	"668"	"55777"	"1.8"	"1.15"	"48502"
"zoopl_202205_130_d5_1_69.jpg"	0	"zoopl_202205_130_d5_1_69"	5.833333333333333	-5.833333333333333	"20220501"	"000000"	"http://www.zooscan.obs-vlfr.fr//"	1.0	5.0	"validated"	"Jonas Mortelmans"	"jonas.mortelmans@vliz.be"	"20220802"	"112151"	"artefact"	85008	5.833333333333333	-5.833333333333333	868.0	242.22	1.627	243.0	237.0	248.0	15.19	42.6	15.19	42.59	491.13	1502.0	9654.0	31.0	90.0	82.6	13.4	101.9	0.045	93.4	210250.0	242.0	0.126	0.914	14.75	1504.0	9654.0	740.0	1.269	462.0	0.32	240.0	241.0	242.0	0.0	0.0	0.0	0.0	0.0	0.0	0.0	0.0	0.0	0.0	0.0	6.72	6.847	3.0	3.0	238.0	1510.0	425.799	1.98	1.0	33.244126170349574	6.384615384615385	11.0	-1.1072796934865905	0.0	0.825695648583932	18.181818181818183	18.04951897240298	3.418747992736206	5.279569892473118	5.9156626506024095	0.038572572100770225	0.0	"zoopl_202205_130"	"nan"	"jonas"	"simon"	"lifewatch"	"130"	"5"	"ref"	"5"	"5"	"1"	"wp2"	"5"	"1"	"5"	"1"	"5"	"5"	"1"	"1"	"1111"	"5"	"5"	"5"	"5"	"5"	"5"	"5"	"nan"	"zooprocess_zoopl_202205_130"	"20220802"	"12:39:00.000"	"8.03_picheral_cnrs"	"2400"	"nan"	"0"	"20220801_1024_background_narrow_manual.tif"	"8.09_2022/04/06_picheral_cnrs"	"243"	"0.0106"	"0.3"	"100"	"unused"	"0.0101"	"zooprocess_pid_to_ecotaxa_8.03_2021/11/10"	"d5_zoopl_202205_130"	"zooscan"	"10"	"200"	"32"	"motoda"	"hydroptic_v3"	"9.7.67"	"jonas"	"zooscan"	"20220802"	"12:34:00.000"	"nan"	"3"	"2"	"3"	"3"	"1"	"22192"	"46456"	"9706"	"4994"	"manual"	"no"	"668"	"55777"	"1.8"	"1.15"	"48502"
"zoopl_202205_130_d5_1_70.jpg"	0	"zoopl_202205_130_d5_1_70"	5.833333333333333	-5.833333333333333	"20220501"	"000000"	"http://www.zooscan.obs-vlfr.fr//"	1.0	5.0	"validated"	"Jonas Mortelmans"	"jonas.mortelmans@vliz.be"	"20220802"	"112151"	"artefact"	85008	5.833333333333333	-5.833333333333333	5247.0	241.41	2.102	242.0	233.0	248.0	40.67	68.38	40.69	68.4	1569.45	6922.0	9663.0	91.0	130.0	110.3	60.5	105.3	0.027	138.9	1266701.0	242.0	-0.177	0.292	12.67	6937.0	9663.0	4582.0	1.539	2245.0	1.619	239.0	240.0	241.0	0.0	0.0	0.0	4.0	0.0	0.0	0.0	0.0	0.0	0.0	0.0	2.877	2.965	2.0	3.0	438.0	7876.0	87.154	2.513	1.0	81.7354751085806	1.8032786885245902	15.0	-0.7835909631391208	0.0	0.8284660950250612	13.333333333333334	23.179037663211552	2.053464777046785	11.287769784172662	14.263636363636364	0.023389398952617144	0.0	"zoopl_202205_130"	"nan"	"jonas"	"simon"	"lifewatch"	"130"	"5"	"ref"	"5"	"5"	"1"	"wp2"	"5"	"1"	"5"	"1"	"5"	"5"	"1"	"1"	"1111"	"5"	"5"	"5"	"5"	"5"	"5"	"5"	"nan"	"zooprocess_zoopl_202205_130"	"20220802"	"12:39:00.000"	"8.03_picheral_cnrs"	"2400"	"nan"	"0"	"20220801_1024_background_narrow_manual.tif"	"8.09_2022/04/06_picheral_cnrs"	"243"	"0.0106"	"0.3"	"100"	"unused"	"0.0101"	"zooprocess_pid_to_ecotaxa_8.03_2021/11/10"	"d5_zoopl_202205_130"	"zooscan"	"10"	"200"	"32"	"motoda"	"hydroptic_v3"	"9.7.67"	"jonas"	"zooscan"	"20220802"	"12:34:00.000"	"nan"	"3"	"2"	"3"	"3"	"1"	"22192"	"46456"	"9706"	"4994"	"manual"	"no"	"668"	"55777"	"1.8"	"1.15"	"48502"
"zoopl_202205_130_d5_1_71.jpg"	0	"zoopl_202205_130_d5_1_71"	5.833333333333333	-5.833333333333333	"20220501"	"000000"	"http://www.zooscan.obs-vlfr.fr//"	1.0	5.0	"validated"	"Jonas Mortelmans"	"jonas.mortelmans@vliz.be"	"20220802"	"112151"	"artefact"	85008	5.833333333333333	-5.833333333333333	694.0	242.59	1.595	243.0	237.0	249.0	21.74	20.03	21.75	20.02	493.85	2376.0	9690.0	52.0	44.0	35.8	24.7	34.0	0.036	57.8	168360.0	243.0	0.421	0.743	21.47	2393.0	9690.0	545.0	1.277	384.0	0.251	240.0	241.0	242.0	0.0	0.0	0.0	0.0	0.0	0.0	0.0	0.0	0.0	0.0	0.0	3.806	3.82	4.0	4.0	188.0	1505.0	464.436	1.923	1.0	29.72588508432008	1.44	12.0	-1.1466905187835408	0.0	0.82443629168556	16.666666666666664	21.160635081779095	2.484447033893092	8.517241379310345	13.722222222222221	0.02806418718888094	0.0	"zoopl_202205_130"	"nan"	"jonas"	"simon"	"lifewatch"	"130"	"5"	"ref"	"5"	"5"	"1"	"wp2"	"5"	"1"	"5"	"1"	"5"	"5"	"1"	"1"	"1111"	"5"	"5"	"5"	"5"	"5"	"5"	"5"	"nan"	"zooprocess_zoopl_202205_130"	"20220802"	"12:39:00.000"	"8.03_picheral_cnrs"	"2400"	"nan"	"0"	"20220801_1024_background_narrow_manual.tif"	"8.09_2022/04/06_picheral_cnrs"	"243"	"0.0106"	"0.3"	"100"	"unused"	"0.0101"	"zooprocess_pid_to_ecotaxa_8.03_2021/11/10"	"d5_zoopl_202205_130"	"zooscan"	"10"	"200"	"32"	"motoda"	"hydroptic_v3"	"9.7.67"	"jonas"	"zooscan"	"20220802"	"12:34:00.000"	"nan"	"3"	"2"	"3"	"3"	"1"	"22192"	"46456"	"9706"	"4994"	"manual"	"no"	"668"	"55777"	"1.8"	"1.15"	"48502"
"zoopl_202205_130_d5_1_72.jpg"	0	"zoopl_202205_130_d5_1_72"	5.833333333333333	-5.833333333333333	"20220501"	"000000"	"http://www.zooscan.obs-vlfr.fr//"	1.0	5.0	"validated"	"Jonas Mortelmans"	"jonas.mortelmans@vliz.be"	"20220802"	"112151"	"artefact"	85008	5.833333333333333	-5.833333333333333	1174.0	241.39	1.951	243.0	234.0	247.0	17.49	50.27	17.5	50.32	553.19	5622.0	9743.0	36.0	108.0	106.7	14.0	101.6	0.048	110.9	283387.0	242.0	-0.372	0.322	8.35	5625.0	9743.0	1076.0	1.291	563.0	0.391	239.0	240.0	242.0	0.0	0.0	0.0	1.0	0.0	0.0	0.0	0.0	0.0	0.0	0.0	7.198	7.388	5.0	5.0	284.0	2180.0	280.098	2.918	1.0	38.66242653428625	7.642857142857143	13.0	-0.759133964817324	1.0	0.8285347363188202	15.384615384615385	16.858502537493994	3.3838947227157923	4.981981981981982	5.168224299065421	0.044215228397628814	0.030485538042484616	"zoopl_202205_130"	"nan"	"jonas"	"simon"	"lifewatch"	"130"	"5"	"ref"	"5"	"5"	"1"	"wp2"	"5"	"1"	"5"	"1"	"5"	"5"	"1"	"1"	"1111"	"5"	"5"	"5"	"5"	"5"	"5"	"5"	"nan"	"zooprocess_zoopl_202205_130"	"20220802"	"12:39:00.000"	"8.03_picheral_cnrs"	"2400"	"nan"	"0"	"20220801_1024_background_narrow_manual.tif"	"8.09_2022/04/06_picheral_cnrs"	"243"	"0.0106"	"0.3"	"100"	"unused"	"0.0101"	"zooprocess_pid_to_ecotaxa_8.03_2021/11/10"	"d5_zoopl_202205_130"	"zooscan"	"10"	"200"	"32"	"motoda"	"hydroptic_v3"	"9.7.67"	"jonas"	"zooscan"	"20220802"	"12:34:00.000"	"nan"	"3"	"2"	"3"	"3"	"1"	"22192"	"46456"	"9706"	"4994"	"manual"	"no"	"668"	"55777"	"1.8"	"1.15"	"48502"
"zoopl_202205_130_d5_1_73.jpg"	0	"zoopl_202205_130_d5_1_73"	5.833333333333333	-5.833333333333333	"20220501"	"000000"	"http://www.zooscan.obs-vlfr.fr//"	1.0	5.0	"validated"	"Jonas Mortelmans"	"jonas.mortelmans@vliz.be"	"20220802"	"112151"	"artefact"	85008	5.833333333333333	-5.833333333333333	2195.0	238.84	3.79	241.0	221.0	246.0	19.4	61.17	19.45	61.09	674.05	3341.0	9918.0	52.0	142.0	106.9	26.2	87.4	0.061	143.9	524258.0	240.0	-0.881	0.413	3.42	3369.0	9918.0	2120.0	1.292	715.0	0.54	236.0	239.0	241.0	0.0	0.0	1.0	3.0	0.0	0.0	0.0	0.0	0.0	0.0	0.0	6.709	6.688	7.0	7.0	384.0	4882.0	191.0	2.182	1.0	52.86549726138668	4.115384615384615	25.0	-0.40134529147982034	0.0	1.6747613465081226	16.0	14.638344581115438	3.1274801478940994	4.680555555555555	6.299065420560748	0.058644316896427386	0.0	"zoopl_202205_130"	"nan"	"jonas"	"simon"	"lifewatch"	"130"	"5"	"ref"	"5"	"5"	"1"	"wp2"	"5"	"1"	"5"	"1"	"5"	"5"	"1"	"1"	"1111"	"5"	"5"	"5"	"5"	"5"	"5"	"5"	"nan"	"zooprocess_zoopl_202205_130"	"20220802"	"12:39:00.000"	"8.03_picheral_cnrs"	"2400"	"nan"	"0"	"20220801_1024_background_narrow_manual.tif"	"8.09_2022/04/06_picheral_cnrs"	"243"	"0.0106"	"0.3"	"100"	"unused"	"0.0101"	"zooprocess_pid_to_ecotaxa_8.03_2021/11/10"	"d5_zoopl_202205_130"	"zooscan"	"10"	"200"	"32"	"motoda"	"hydroptic_v3"	"9.7.67"	"jonas"	"zooscan"	"20220802"	"12:34:00.000"	"nan"	"3"	"2"	"3"	"3"	"1"	"22192"	"46456"	"9706"	"4994"	"manual"	"no"	"668"	"55777"	"1.8"	"1.15"	"48502"
"zoopl_202205_130_d5_1_74.jpg"	0	"zoopl_202205_130_d5_1_74"	5.833333333333333	-5.833333333333333	"20220501"	"000000"	"http://www.zooscan.obs-vlfr.fr//"	1.0	5.0	"validated"	"Jonas Mortelmans"	"jonas.mortelmans@vliz.be"	"20220802"	"112151"	"artefact"	85008	5.833333333333333	-5.833333333333333	1484.0	242.18	1.719	243.0	236.0	249.0	23.33	52.18	23.34	52.18	995.65	3375.0	9939.0	54.0	104.0	72.4	26.1	72.5	0.019	106.0	359398.0	242.0	-0.088	1.08	14.35	3402.0	9939.0	1271.0	1.399	849.0	0.547	240.0	241.0	242.0	0.0	0.0	0.0	0.0	0.0	0.0	0.0	0.0	0.0	0.0	0.0	5.554	5.74	3.0	3.0	312.0	3652.0	504.91	2.895	1.0	43.46823534935576	2.769230769230769	13.0	-1.1035598705501595	0.0	0.8258320257659592	15.384615384615385	27.93743712997008	2.973261381302036	9.39622641509434	13.833333333333334	0.01610040266573373	0.0	"zoopl_202205_130"	"nan"	"jonas"	"simon"	"lifewatch"	"130"	"5"	"ref"	"5"	"5"	"1"	"wp2"	"5"	"1"	"5"	"1"	"5"	"5"	"1"	"1"	"1111"	"5"	"5"	"5"	"5"	"5"	"5"	"5"	"nan"	"zooprocess_zoopl_202205_130"	"20220802"	"12:39:00.000"	"8.03_picheral_cnrs"	"2400"	"nan"	"0"	"20220801_1024_background_narrow_manual.tif"	"8.09_2022/04/06_picheral_cnrs"	"243"	"0.0106"	"0.3"	"100"	"unused"	"0.0101"	"zooprocess_pid_to_ecotaxa_8.03_2021/11/10"	"d5_zoopl_202205_130"	"zooscan"	"10"	"200"	"32"	"motoda"	"hydroptic_v3"	"9.7.67"	"jonas"	"zooscan"	"20220802"	"12:34:00.000"	"nan"	"3"	"2"	"3"	"3"	"1"	"22192"	"46456"	"9706"	"4994"	"manual"	"no"	"668"	"55777"	"1.8"	"1.15"	"48502"
"zoopl_202205_130_d5_1_75.jpg"	0	"zoopl_202205_130_d5_1_75"	5.833333333333333	-5.833333333333333	"20220501"	"000000"	"http://www.zooscan.obs-vlfr.fr//"	1.0	5.0	"validated"	"Jonas Mortelmans"	"jonas.mortelmans@vliz.be"	"20220802"	"112151"	"artefact"	85008	5.833333333333333	-5.833333333333333	1239.0	240.92	2.129	241.0	234.0	249.0	15.24	45.29	15.24	45.28	404.06	3247.0	9945.0	30.0	89.0	84.3	18.7	97.2	0.095	89.1	298494.0	241.0	-0.312	0.158	7.75	3263.0	9945.0	1143.0	1.281	494.0	0.382	238.0	240.0	241.0	0.0	0.0	0.0	3.0	0.0	0.0	0.0	0.0	0.0	0.0	0.0	4.587	4.686	4.0	4.0	234.0	1679.0	372.471	3.176	1.0	39.71830555206083	4.421052631578948	15.0	-1.1676300578034722	0.0	0.8301510874979247	13.333333333333334	11.949734326803666	2.632490977934471	4.53932584269663	4.809523809523809	0.08800216652909357	0.0	"zoopl_202205_130"	"nan"	"jonas"	"simon"	"lifewatch"	"130"	"5"	"ref"	"5"	"5"	"1"	"wp2"	"5"	"1"	"5"	"1"	"5"	"5"	"1"	"1"	"1111"	"5"	"5"	"5"	"5"	"5"	"5"	"5"	"nan"	"zooprocess_zoopl_202205_130"	"20220802"	"12:39:00.000"	"8.03_picheral_cnrs"	"2400"	"nan"	"0"	"20220801_1024_background_narrow_manual.tif"	"8.09_2022/04/06_picheral_cnrs"	"243"	"0.0106"	"0.3"	"100"	"unused"	"0.0101"	"zooprocess_pid_to_ecotaxa_8.03_2021/11/10"	"d5_zoopl_202205_130"	"zooscan"	"10"	"200"	"32"	"motoda"	"hydroptic_v3"	"9.7.67"	"jonas"	"zooscan"	"20220802"	"12:34:00.000"	"nan"	"3"	"2"	"3"	"3"	"1"	"22192"	"46456"	"9706"	"4994"	"manual"	"no"	"668"	"55777"	"1.8"	"1.15"	"48502"
"zoopl_202205_130_d5_1_76.jpg"	0	"zoopl_202205_130_d5_1_76"	5.833333333333333	-5.833333333333333	"20220501"	"000000"	"http://www.zooscan.obs-vlfr.fr//"	1.0	5.0	"validated"	"Jonas Mortelmans"	"jonas.mortelmans@vliz.be"	"20220802"	"112137"	"fiber<detritus"	85076	5.833333333333333	-5.833333333333333	896.0	239.86	2.324	241.0	231.0	245.0	14.14	62.87	14.13	62.81	355.43	3308.0	9947.0	28.0	113.0	112.5	10.1	100.3	0.089	114.4	214916.0	240.0	-0.474	-0.223	1.45	3311.0	9947.0	883.0	1.186	252.0	0.263	237.0	239.0	241.0	0.0	0.0	0.0	4.0	0.0	0.0	0.0	0.0	0.0	0.0	0.0	10.238	10.429	9.0	9.0	278.0	1413.0	97.087	1.932	1.0	33.77606596515802	11.3	14.0	-0.5801354401805845	0.0	0.8338197281747686	14.285714285714285	11.946701189415146	3.836405452375568	3.1140350877192984	3.1415929203539825	0.08804685778598809	0.0	"zoopl_202205_130"	"nan"	"jonas"	"simon"	"lifewatch"	"130"	"5"	"ref"	"5"	"5"	"1"	"wp2"	"5"	"1"	"5"	"1"	"5"	"5"	"1"	"1"	"1111"	"5"	"5"	"5"	"5"	"5"	"5"	"5"	"nan"	"zooprocess_zoopl_202205_130"	"20220802"	"12:39:00.000"	"8.03_picheral_cnrs"	"2400"	"nan"	"0"	"20220801_1024_background_narrow_manual.tif"	"8.09_2022/04/06_picheral_cnrs"	"243"	"0.0106"	"0.3"	"100"	"unused"	"0.0101"	"zooprocess_pid_to_ecotaxa_8.03_2021/11/10"	"d5_zoopl_202205_130"	"zooscan"	"10"	"200"	"32"	"motoda"	"hydroptic_v3"	"9.7.67"	"jonas"	"zooscan"	"20220802"	"12:34:00.000"	"nan"	"3"	"2"	"3"	"3"	"1"	"22192"	"46456"	"9706"	"4994"	"manual"	"no"	"668"	"55777"	"1.8"	"1.15"	"48502"
"zoopl_202205_130_d5_1_77.jpg"	0	"zoopl_202205_130_d5_1_77"	5.833333333333333	-5.833333333333333	"20220501"	"000000"	"http://www.zooscan.obs-vlfr.fr//"	1.0	5.0	"validated"	"Jonas Mortelmans"	"jonas.mortelmans@vliz.be"	"20220802"	"112151"	"artefact"	85008	5.833333333333333	-5.833333333333333	1051.0	241.76	1.89	243.0	235.0	249.0	17.73	38.11	17.73	38.09	581.44	1367.0	9993.0	37.0	85.0	67.0	20.0	93.9	0.039	85.6	254090.0	242.0	-0.02	0.708	11.7	1382.0	9993.0	928.0	1.308	517.0	0.357	239.0	241.0	242.0	0.0	0.0	0.0	1.0	0.0	0.0	0.0	0.0	0.0	0.0	0.0	5.077	5.191	6.0	6.0	240.0	2040.0	410.35	3.333	1.0	36.581071082141044	3.35	14.0	-1.0710059171597661	0.0	0.8272667107875579	14.285714285714285	19.0722593728747	2.823088306484035	6.755813953488372	8.671641791044776	0.034546620996280114	0.0	"zoopl_202205_130"	"nan"	"jonas"	"simon"	"lifewatch"	"130"	"5"	"ref"	"5"	"5"	"1"	"wp2"	"5"	"1"	"5"	"1"	"5"	"5"	"1"	"1"	"1111"	"5"	"5"	"5"	"5"	"5"	"5"	"5"	"nan"	"zooprocess_zoopl_202205_130"	"20220802"	"12:39:00.000"	"8.03_picheral_cnrs"	"2400"	"nan"	"0"	"20220801_1024_background_narrow_manual.tif"	"8.09_2022/04/06_picheral_cnrs"	"243"	"0.0106"	"0.3"	"100"	"unused"	"0.0101"	"zooprocess_pid_to_ecotaxa_8.03_2021/11/10"	"d5_zoopl_202205_130"	"zooscan"	"10"	"200"	"32"	"motoda"	"hydroptic_v3"	"9.7.67"	"jonas"	"zooscan"	"20220802"	"12:34:00.000"	"nan"	"3"	"2"	"3"	"3"	"1"	"22192"	"46456"	"9706"	"4994"	"manual"	"no"	"668"	"55777"	"1.8"	"1.15"	"48502"
"zoopl_202205_130_d5_1_78.jpg"	0	"zoopl_202205_130_d5_1_78"	5.833333333333333	-5.833333333333333	"20220501"	"000000"	"http://www.zooscan.obs-vlfr.fr//"	1.0	5.0	"validated"	"Jonas Mortelmans"	"jonas.mortelmans@vliz.be"	"20220802"	"112145"	"artefact"	85008	5.833333333333333	-5.833333333333333	738.0	241.28	1.719	242.0	235.0	247.0	12.15	45.27	12.15	45.26	393.77	713.0	10026.0	25.0	91.0	88.9	10.6	99.8	0.06	93.0	178063.0	241.0	-0.249	0.256	5.15	715.0	10026.0	700.0	1.219	346.0	0.258	239.0	240.0	241.0	0.0	0.0	0.0	0.0	0.0	0.0	0.0	0.0	0.0	0.0	0.0	8.006	8.165	3.0	3.0	228.0	1253.0	188.789	2.25	1.0	30.653723819701746	8.090909090909092	12.0	-0.9108280254777067	0.0	0.8289124668435014	16.666666666666664	14.891800236563553	3.5150695989858134	4.236559139784946	4.426966292134831	0.056665074016667656	0.0	"zoopl_202205_130"	"nan"	"jonas"	"simon"	"lifewatch"	"130"	"5"	"ref"	"5"	"5"	"1"	"wp2"	"5"	"1"	"5"	"1"	"5"	"5"	"1"	"1"	"1111"	"5"	"5"	"5"	"5"	"5"	"5"	"5"	"nan"	"zooprocess_zoopl_202205_130"	"20220802"	"12:39:00.000"	"8.03_picheral_cnrs"	"2400"	"nan"	"0"	"20220801_1024_background_narrow_manual.tif"	"8.09_2022/04/06_picheral_cnrs"	"243"	"0.0106"	"0.3"	"100"	"unused"	"0.0101"	"zooprocess_pid_to_ecotaxa_8.03_2021/11/10"	"d5_zoopl_202205_130"	"zooscan"	"10"	"200"	"32"	"motoda"	"hydroptic_v3"	"9.7.67"	"jonas"	"zooscan"	"20220802"	"12:34:00.000"	"nan"	"3"	"2"	"3"	"3"	"1"	"22192"	"46456"	"9706"	"4994"	"manual"	"no"	"668"	"55777"	"1.8"	"1.15"	"48502"
"zoopl_202205_130_d5_1_79.jpg"	0	"zoopl_202205_130_d5_1_79"	5.833333333333333	-5.833333333333333	"20220501"	"000000"	"http://www.zooscan.obs-vlfr.fr//"	1.0	5.0	"validated"	"Jonas Mortelmans"	"jonas.mortelmans@vliz.be"	"20220802"	"112145"	"artefact"	85008	5.833333333333333	-5.833333333333333	16582.0	240.83	2.389	242.0	231.0	250.0	83.56	93.35	83.56	93.41	2441.28	1190.0	10134.0	169.0	202.0	197.5	106.9	61.8	0.035	226.9	3993434.0	241.0	-0.25	-0.067	11.12	1267.0	10134.0	14738.0	1.603	5727.0	4.702	238.0	240.0	241.0	0.0	0.0	3.0	20.0	0.0	0.0	0.0	0.0	0.0	0.0	0.0	2.529	2.703	3.0	3.0	738.0	22221.0	205.915	8.133	1.0	145.30264323403915	1.8504672897196262	19.0	-0.9328585961342803	0.0	0.830461321263962	10.526315789473683	20.107056733709292	1.8698491923605118	10.753303964757709	12.328282828282829	0.031082279210829986	0.0	"zoopl_202205_130"	"nan"	"jonas"	"simon"	"lifewatch"	"130"	"5"	"ref"	"5"	"5"	"1"	"wp2"	"5"	"1"	"5"	"1"	"5"	"5"	"1"	"1"	"1111"	"5"	"5"	"5"	"5"	"5"	"5"	"5"	"nan"	"zooprocess_zoopl_202205_130"	"20220802"	"12:39:00.000"	"8.03_picheral_cnrs"	"2400"	"nan"	"0"	"20220801_1024_background_narrow_manual.tif"	"8.09_2022/04/06_picheral_cnrs"	"243"	"0.0106"	"0.3"	"100"	"unused"	"0.0101"	"zooprocess_pid_to_ecotaxa_8.03_2021/11/10"	"d5_zoopl_202205_130"	"zooscan"	"10"	"200"	"32"	"motoda"	"hydroptic_v3"	"9.7.67"	"jonas"	"zooscan"	"20220802"	"12:34:00.000"	"nan"	"3"	"2"	"3"	"3"	"1"	"22192"	"46456"	"9706"	"4994"	"manual"	"no"	"668"	"55777"	"1.8"	"1.15"	"48502"
"zoopl_202205_130_d5_1_80.jpg"	0	"zoopl_202205_130_d5_1_80"	5.833333333333333	-5.833333333333333	"20220501"	"000000"	"http://www.zooscan.obs-vlfr.fr//"	1.0	5.0	"validated"	"Jonas Mortelmans"	"jonas.mortelmans@vliz.be"	"20220802"	"112145"	"artefact"	85008	5.833333333333333	-5.833333333333333	4020.0	241.47	2.088	242.0	234.0	249.0	36.62	54.05	36.64	54.04	1103.68	1087.0	10167.0	81.0	112.0	90.5	56.6	76.0	0.041	112.3	970711.0	242.0	-0.198	0.346	12.86	1112.0	10167.0	3503.0	1.506	1784.0	1.25	239.0	240.0	241.0	0.0	0.0	0.0	3.0	0.0	0.0	0.0	0.0	0.0	0.0	0.0	2.723	2.926	2.0	3.0	382.0	6378.0	212.864	2.795	1.0	71.54315459801415	1.5964912280701755	15.0	-1.0080321285140565	0.0	0.8282602393672092	13.333333333333334	18.653013508057423	1.8923347037159706	9.857142857142858	12.131868131868131	0.036117015416683225	0.0	"zoopl_202205_130"	"nan"	"jonas"	"simon"	"lifewatch"	"130"	"5"	"ref"	"5"	"5"	"1"	"wp2"	"5"	"1"	"5"	"1"	"5"	"5"	"1"	"1"	"1111"	"5"	"5"	"5"	"5"	"5"	"5"	"5"	"nan"	"zooprocess_zoopl_202205_130"	"20220802"	"12:39:00.000"	"8.03_picheral_cnrs"	"2400"	"nan"	"0"	"20220801_1024_background_narrow_manual.tif"	"8.09_2022/04/06_picheral_cnrs"	"243"	"0.0106"	"0.3"	"100"	"unused"	"0.0101"	"zooprocess_pid_to_ecotaxa_8.03_2021/11/10"	"d5_zoopl_202205_130"	"zooscan"	"10"	"200"	"32"	"motoda"	"hydroptic_v3"	"9.7.67"	"jonas"	"zooscan"	"20220802"	"12:34:00.000"	"nan"	"3"	"2"	"3"	"3"	"1"	"22192"	"46456"	"9706"	"4994"	"manual"	"no"	"668"	"55777"	"1.8"	"1.15"	"48502"
"zoopl_202205_130_d5_1_81.jpg"	0	"zoopl_202205_130_d5_1_81"	5.833333333333333	-5.833333333333333	"20220501"	"000000"	"http://www.zooscan.obs-vlfr.fr//"	1.0	5.0	"validated"	"Jonas Mortelmans"	"jonas.mortelmans@vliz.be"	"20220802"	"112145"	"artefact"	85008	5.833333333333333	-5.833333333333333	784.0	240.83	2.054	241.0	233.0	246.0	15.59	54.37	15.59	54.37	423.13	551.0	10189.0	35.0	110.0	111.9	8.9	101.6	0.055	113.8	188812.0	241.0	-0.736	0.583	3.44	556.0	10189.0	757.0	1.204	323.0	0.257	239.0	240.0	241.0	0.0	0.0	0.0	1.0	0.0	0.0	0.0	0.0	0.0	0.0	0.0	11.532	11.653	5.0	5.0	286.0	1547.0	195.843	2.2	1.0	31.594616678674353	12.444444444444445	13.0	-0.6602809706257956	0.0	0.830461321263962	15.384615384615385	15.374196502508816	4.14340047585344	3.710526315789474	3.7767857142857144	0.053164900910807604	0.0	"zoopl_202205_130"	"nan"	"jonas"	"simon"	"lifewatch"	"130"	"5"	"ref"	"5"	"5"	"1"	"wp2"	"5"	"1"	"5"	"1"	"5"	"5"	"1"	"1"	"1111"	"5"	"5"	"5"	"5"	"5"	"5"	"5"	"nan"	"zooprocess_zoopl_202205_130"	"20220802"	"12:39:00.000"	"8.03_picheral_cnrs"	"2400"	"nan"	"0"	"20220801_1024_background_narrow_manual.tif"	"8.09_2022/04/06_picheral_cnrs"	"243"	"0.0106"	"0.3"	"100"	"unused"	"0.0101"	"zooprocess_pid_to_ecotaxa_8.03_2021/11/10"	"d5_zoopl_202205_130"	"zooscan"	"10"	"200"	"32"	"motoda"	"hydroptic_v3"	"9.7.67"	"jonas"	"zooscan"	"20220802"	"12:34:00.000"	"nan"	"3"	"2"	"3"	"3"	"1"	"22192"	"46456"	"9706"	"4994"	"manual"	"no"	"668"	"55777"	"1.8"	"1.15"	"48502"
"zoopl_202205_130_d5_1_82.jpg"	0	"zoopl_202205_130_d5_1_82"	5.833333333333333	-5.833333333333333	"20220501"	"000000"	"http://www.zooscan.obs-vlfr.fr//"	1.0	5.0	"validated"	"Jonas Mortelmans"	"jonas.mortelmans@vliz.be"	"20220802"	"112145"	"artefact"	85008	5.833333333333333	-5.833333333333333	1649.0	242.04	1.799	243.0	235.0	248.0	23.5	60.46	23.52	60.49	889.28	4752.0	10197.0	60.0	112.0	92.7	22.7	109.3	0.026	115.7	399125.0	242.0	-0.153	0.78	16.13	4760.0	10197.0	1383.0	1.384	852.0	0.56	240.0	241.0	242.0	0.0	0.0	0.0	3.0	0.0	0.0	0.0	0.0	0.0	0.0	0.0	6.181	6.315	4.0	5.0	339.0	3440.0	207.469	3.484	1.0	45.82108694987804	4.043478260869565	13.0	-0.8465909090909112	0.0	0.8263097008758883	15.384615384615385	23.905105842094997	3.1192264090922603	7.663793103448276	9.559139784946236	0.021990166729289412	0.0	"zoopl_202205_130"	"nan"	"jonas"	"simon"	"lifewatch"	"130"	"5"	"ref"	"5"	"5"	"1"	"wp2"	"5"	"1"	"5"	"1"	"5"	"5"	"1"	"1"	"1111"	"5"	"5"	"5"	"5"	"5"	"5"	"5"	"nan"	"zooprocess_zoopl_202205_130"	"20220802"	"12:39:00.000"	"8.03_picheral_cnrs"	"2400"	"nan"	"0"	"20220801_1024_background_narrow_manual.tif"	"8.09_2022/04/06_picheral_cnrs"	"243"	"0.0106"	"0.3"	"100"	"unused"	"0.0101"	"zooprocess_pid_to_ecotaxa_8.03_2021/11/10"	"d5_zoopl_202205_130"	"zooscan"	"10"	"200"	"32"	"motoda"	"hydroptic_v3"	"9.7.67"	"jonas"	"zooscan"	"20220802"	"12:34:00.000"	"nan"	"3"	"2"	"3"	"3"	"1"	"22192"	"46456"	"9706"	"4994"	"manual"	"no"	"668"	"55777"	"1.8"	"1.15"	"48502"
"zoopl_202205_130_d5_1_83.jpg"	0	"zoopl_202205_130_d5_1_83"	5.833333333333333	-5.833333333333333	"20220501"	"000000"	"http://www.zooscan.obs-vlfr.fr//"	1.0	5.0	"validated"	"Jonas Mortelmans"	"jonas.mortelmans@vliz.be"	"20220802"	"112145"	"artefact"	85008	5.833333333333333	-5.833333333333333	1140.0	240.05	2.42	242.0	231.0	246.0	14.59	50.41	14.6	50.48	399.19	13539.0	10253.0	30.0	108.0	108.7	13.4	101.1	0.09	108.8	273658.0	240.0	-0.426	-0.206	3.68	13547.0	10253.0	1098.0	1.236	383.0	0.329	237.0	239.0	241.0	0.0	0.0	0.0	1.0	0.0	0.0	0.0	0.0	0.0	0.0	0.0	7.412	7.544	6.0	6.0	271.0	1615.0	156.594	2.301	1.0	38.09846559899868	8.384615384615385	15.0	-0.6574585635359095	0.0	0.8331597583836701	13.333333333333334	12.041254223654963	3.28946543954484	3.6605504587155964	3.6605504587155964	0.08666952427790259	0.0	"zoopl_202205_130"	"nan"	"jonas"	"simon"	"lifewatch"	"130"	"5"	"ref"	"5"	"5"	"1"	"wp2"	"5"	"1"	"5"	"1"	"5"	"5"	"1"	"1"	"1111"	"5"	"5"	"5"	"5"	"5"	"5"	"5"	"nan"	"zooprocess_zoopl_202205_130"	"20220802"	"12:39:00.000"	"8.03_picheral_cnrs"	"2400"	"nan"	"0"	"20220801_1024_background_narrow_manual.tif"	"8.09_2022/04/06_picheral_cnrs"	"243"	"0.0106"	"0.3"	"100"	"unused"	"0.0101"	"zooprocess_pid_to_ecotaxa_8.03_2021/11/10"	"d5_zoopl_202205_130"	"zooscan"	"10"	"200"	"32"	"motoda"	"hydroptic_v3"	"9.7.67"	"jonas"	"zooscan"	"20220802"	"12:34:00.000"	"nan"	"3"	"2"	"3"	"3"	"1"	"22192"	"46456"	"9706"	"4994"	"manual"	"no"	"668"	"55777"	"1.8"	"1.15"	"48502"
"zoopl_202205_130_d5_1_84.jpg"	0	"zoopl_202205_130_d5_1_84"	5.833333333333333	-5.833333333333333	"20220501"	"000000"	"http://www.zooscan.obs-vlfr.fr//"	1.0	5.0	"validated"	"Jonas Mortelmans"	"jonas.mortelmans@vliz.be"	"20220802"	"112145"	"artefact"	85008	5.833333333333333	-5.833333333333333	1262.0	241.76	2.008	243.0	235.0	249.0	30.83	35.59	30.83	35.59	583.54	963.0	10267.0	60.0	61.0	42.9	37.5	93.3	0.047	64.2	305098.0	242.0	-0.246	0.43	14.18	987.0	10267.0	1083.0	1.344	626.0	0.409	239.0	241.0	242.0	0.0	0.0	0.0	1.0	0.0	0.0	0.0	0.0	0.0	0.0	0.0	3.344	3.492	3.0	3.0	237.0	2450.0	359.374	2.609	1.0	40.08526294607253	1.131578947368421	14.0	-1.0710059171597661	0.0	0.8272667107875579	14.285714285714285	17.74592406351271	1.9447588014808448	9.125	13.581395348837209	0.03990365035463673	0.0	"zoopl_202205_130"	"nan"	"jonas"	"simon"	"lifewatch"	"130"	"5"	"ref"	"5"	"5"	"1"	"wp2"	"5"	"1"	"5"	"1"	"5"	"5"	"1"	"1"	"1111"	"5"	"5"	"5"	"5"	"5"	"5"	"5"	"nan"	"zooprocess_zoopl_202205_130"	"20220802"	"12:39:00.000"	"8.03_picheral_cnrs"	"2400"	"nan"	"0"	"20220801_1024_background_narrow_manual.tif"	"8.09_2022/04/06_picheral_cnrs"	"243"	"0.0106"	"0.3"	"100"	"unused"	"0.0101"	"zooprocess_pid_to_ecotaxa_8.03_2021/11/10"	"d5_zoopl_202205_130"	"zooscan"	"10"	"200"	"32"	"motoda"	"hydroptic_v3"	"9.7.67"	"jonas"	"zooscan"	"20220802"	"12:34:00.000"	"nan"	"3"	"2"	"3"	"3"	"1"	"22192"	"46456"	"9706"	"4994"	"manual"	"no"	"668"	"55777"	"1.8"	"1.15"	"48502"
"zoopl_202205_130_d5_1_85.jpg"	0	"zoopl_202205_130_d5_1_85"	5.833333333333333	-5.833333333333333	"20220501"	"000000"	"http://www.zooscan.obs-vlfr.fr//"	1.0	5.0	"validated"	"Jonas Mortelmans"	"jonas.mortelmans@vliz.be"	"20220802"	"112145"	"artefact"	85008	5.833333333333333	-5.833333333333333	1747.0	239.78	2.665	243.0	232.0	249.0	21.8	64.43	21.82	64.5	537.88	6020.0	10288.0	45.0	129.0	130.8	17.0	102.1	0.076	133.9	418888.0	240.0	-0.245	-0.539	5.04	6027.0	10288.0	1659.0	1.286	587.0	0.472	237.0	239.0	241.0	0.0	0.0	2.0	3.0	0.0	0.0	0.0	0.0	0.0	0.0	0.0	7.192	7.27	8.0	8.0	344.0	2519.0	445.899	1.898	1.0	47.16300970731543	7.705882352941177	17.0	-1.1850899742930587	1.0	1.2511468846442573	17.647058823529413	13.208669774172357	3.289891728139583	4.014925373134329	4.106870229007634	0.07202639836798091	0.024551430807011814	"zoopl_202205_130"	"nan"	"jonas"	"simon"	"lifewatch"	"130"	"5"	"ref"	"5"	"5"	"1"	"wp2"	"5"	"1"	"5"	"1"	"5"	"5"	"1"	"1"	"1111"	"5"	"5"	"5"	"5"	"5"	"5"	"5"	"nan"	"zooprocess_zoopl_202205_130"	"20220802"	"12:39:00.000"	"8.03_picheral_cnrs"	"2400"	"nan"	"0"	"20220801_1024_background_narrow_manual.tif"	"8.09_2022/04/06_picheral_cnrs"	"243"	"0.0106"	"0.3"	"100"	"unused"	"0.0101"	"zooprocess_pid_to_ecotaxa_8.03_2021/11/10"	"d5_zoopl_202205_130"	"zooscan"	"10"	"200"	"32"	"motoda"	"hydroptic_v3"	"9.7.67"	"jonas"	"zooscan"	"20220802"	"12:34:00.000"	"nan"	"3"	"2"	"3"	"3"	"1"	"22192"	"46456"	"9706"	"4994"	"manual"	"no"	"668"	"55777"	"1.8"	"1.15"	"48502"
"zoopl_202205_130_d5_1_86.jpg"	0	"zoopl_202205_130_d5_1_86"	5.833333333333333	-5.833333333333333	"20220501"	"000000"	"http://www.zooscan.obs-vlfr.fr//"	1.0	5.0	"validated"	"Jonas Mortelmans"	"jonas.mortelmans@vliz.be"	"20220802"	"112145"	"artefact"	85008	5.833333333333333	-5.833333333333333	1401.0	239.73	2.532	241.0	232.0	248.0	19.16	50.87	19.18	50.94	388.84	6069.0	10295.0	38.0	99.0	106.6	16.7	103.9	0.116	102.9	335857.0	240.0	-0.264	-0.462	3.0	6076.0	10295.0	1359.0	1.245	399.0	0.391	237.0	239.0	241.0	0.0	0.0	0.0	5.0	0.0	0.0	0.0	0.0	0.0	0.0	0.0	5.406	5.49	6.0	6.0	270.0	1897.0	234.352	1.531	1.0	42.23515836567874	6.294117647058823	16.0	-1.0698576972833145	0.0	1.2514078338130397	18.75	10.552123682066034	2.7940070417809806	3.7766990291262137	3.635514018691589	0.11285742008653203	0.0	"zoopl_202205_130"	"nan"	"jonas"	"simon"	"lifewatch"	"130"	"5"	"ref"	"5"	"5"	"1"	"wp2"	"5"	"1"	"5"	"1"	"5"	"5"	"1"	"1"	"1111"	"5"	"5"	"5"	"5"	"5"	"5"	"5"	"nan"	"zooprocess_zoopl_202205_130"	"20220802"	"12:39:00.000"	"8.03_picheral_cnrs"	"2400"	"nan"	"0"	"20220801_1024_background_narrow_manual.tif"	"8.09_2022/04/06_picheral_cnrs"	"243"	"0.0106"	"0.3"	"100"	"unused"	"0.0101"	"zooprocess_pid_to_ecotaxa_8.03_2021/11/10"	"d5_zoopl_202205_130"	"zooscan"	"10"	"200"	"32"	"motoda"	"hydroptic_v3"	"9.7.67"	"jonas"	"zooscan"	"20220802"	"12:34:00.000"	"nan"	"3"	"2"	"3"	"3"	"1"	"22192"	"46456"	"9706"	"4994"	"manual"	"no"	"668"	"55777"	"1.8"	"1.15"	"48502"
"zoopl_202205_130_d5_1_87.jpg"	0	"zoopl_202205_130_d5_1_87"	5.833333333333333	-5.833333333333333	"20220501"	"000000"	"http://www.zooscan.obs-vlfr.fr//"	1.0	5.0	"validated"	"Jonas Mortelmans"	"jonas.mortelmans@vliz.be"	"20220802"	"112145"	"artefact"	85008	5.833333333333333	-5.833333333333333	733.0	240.7	2.014	242.0	234.0	248.0	13.66	33.25	13.66	33.24	281.4	5979.0	10316.0	26.0	65.0	66.8	14.0	104.7	0.116	69.3	176435.0	241.0	-0.322	0.003	4.23	5980.0	10316.0	702.0	1.196	261.0	0.233	238.0	240.0	241.0	0.0	0.0	0.0	1.0	0.0	0.0	0.0	0.0	0.0	0.0	0.0	4.375	4.467	4.0	4.0	178.0	1032.0	93.14	1.909	1.0	30.549706811864404	4.785714285714286	14.0	-1.0895522388059737	0.0	0.8309098462816784	14.285714285714285	10.60566155315438	2.6042371785325704	4.072463768115942	4.1940298507462686	0.11172087703144766	0.0	"zoopl_202205_130"	"nan"	"jonas"	"simon"	"lifewatch"	"130"	"5"	"ref"	"5"	"5"	"1"	"wp2"	"5"	"1"	"5"	"1"	"5"	"5"	"1"	"1"	"1111"	"5"	"5"	"5"	"5"	"5"	"5"	"5"	"nan"	"zooprocess_zoopl_202205_130"	"20220802"	"12:39:00.000"	"8.03_picheral_cnrs"	"2400"	"nan"	"0"	"20220801_1024_background_narrow_manual.tif"	"8.09_2022/04/06_picheral_cnrs"	"243"	"0.0106"	"0.3"	"100"	"unused"	"0.0101"	"zooprocess_pid_to_ecotaxa_8.03_2021/11/10"	"d5_zoopl_202205_130"	"zooscan"	"10"	"200"	"32"	"motoda"	"hydroptic_v3"	"9.7.67"	"jonas"	"zooscan"	"20220802"	"12:34:00.000"	"nan"	"3"	"2"	"3"	"3"	"1"	"22192"	"46456"	"9706"	"4994"	"manual"	"no"	"668"	"55777"	"1.8"	"1.15"	"48502"
"zoopl_202205_130_d5_1_88.jpg"	0	"zoopl_202205_130_d5_1_88"	5.833333333333333	-5.833333333333333	"20220501"	"000000"	"http://www.zooscan.obs-vlfr.fr//"	1.0	5.0	"validated"	"Jonas Mortelmans"	"jonas.mortelmans@vliz.be"	"20220802"	"112145"	"artefact"	85008	5.833333333333333	-5.833333333333333	2518.0	235.29	4.939	235.0	223.0	246.0	22.92	70.14	22.92	70.11	411.67	7214.0	10339.0	49.0	136.0	147.5	21.7	101.8	0.187	138.2	592449.0	235.0	-0.094	-1.015	0.95	7227.0	10339.0	2494.0	1.201	371.0	0.492	230.0	234.0	238.0	0.0	0.0	3.0	2.0	0.0	0.0	0.0	0.0	0.0	0.0	0.0	5.764	5.767	7.0	7.0	366.0	3236.0	168.195	3.881	1.0	56.621702320251195	6.7272727272727275	23.0	-0.8714401952807173	0.0	2.1250371881507926	21.73913043478261	8.249905834071715	2.763317973548293	2.9855072463768115	2.7837837837837838	0.1846340861073839	0.0	"zoopl_202205_130"	"nan"	"jonas"	"simon"	"lifewatch"	"130"	"5"	"ref"	"5"	"5"	"1"	"wp2"	"5"	"1"	"5"	"1"	"5"	"5"	"1"	"1"	"1111"	"5"	"5"	"5"	"5"	"5"	"5"	"5"	"nan"	"zooprocess_zoopl_202205_130"	"20220802"	"12:39:00.000"	"8.03_picheral_cnrs"	"2400"	"nan"	"0"	"20220801_1024_background_narrow_manual.tif"	"8.09_2022/04/06_picheral_cnrs"	"243"	"0.0106"	"0.3"	"100"	"unused"	"0.0101"	"zooprocess_pid_to_ecotaxa_8.03_2021/11/10"	"d5_zoopl_202205_130"	"zooscan"	"10"	"200"	"32"	"motoda"	"hydroptic_v3"	"9.7.67"	"jonas"	"zooscan"	"20220802"	"12:34:00.000"	"nan"	"3"	"2"	"3"	"3"	"1"	"22192"	"46456"	"9706"	"4994"	"manual"	"no"	"668"	"55777"	"1.8"	"1.15"	"48502"
"zoopl_202205_130_d5_1_89.jpg"	0	"zoopl_202205_130_d5_1_89"	5.833333333333333	-5.833333333333333	"20220501"	"000000"	"http://www.zooscan.obs-vlfr.fr//"	1.0	5.0	"validated"	"Jonas Mortelmans"	"jonas.mortelmans@vliz.be"	"20220802"	"112145"	"artefact"	85008	5.833333333333333	-5.833333333333333	1256.0	238.8	3.188	243.0	231.0	247.0	14.45	59.31	14.47	59.39	356.36	1062.0	10365.0	30.0	116.0	119.5	13.4	100.3	0.124	117.4	299934.0	239.0	-0.191	-0.796	3.42	1070.0	10365.0	1213.0	1.207	305.0	0.312	235.0	238.0	240.0	0.0	0.0	3.0	2.0	0.0	0.0	0.0	0.0	0.0	0.0	0.0	7.816	7.875	8.0	8.0	287.0	1637.0	179.214	1.647	1.0	39.989859566987285	9.23076923076923	16.0	-1.0512820512820482	0.0	1.2562814070351758	18.75	10.221616846079815	3.359351603908254	3.0427350427350426	2.966666666666667	0.1202736993057827	0.0	"zoopl_202205_130"	"nan"	"jonas"	"simon"	"lifewatch"	"130"	"5"	"ref"	"5"	"5"	"1"	"wp2"	"5"	"1"	"5"	"1"	"5"	"5"	"1"	"1"	"1111"	"5"	"5"	"5"	"5"	"5"	"5"	"5"	"nan"	"zooprocess_zoopl_202205_130"	"20220802"	"12:39:00.000"	"8.03_picheral_cnrs"	"2400"	"nan"	"0"	"20220801_1024_background_narrow_manual.tif"	"8.09_2022/04/06_picheral_cnrs"	"243"	"0.0106"	"0.3"	"100"	"unused"	"0.0101"	"zooprocess_pid_to_ecotaxa_8.03_2021/11/10"	"d5_zoopl_202205_130"	"zooscan"	"10"	"200"	"32"	"motoda"	"hydroptic_v3"	"9.7.67"	"jonas"	"zooscan"	"20220802"	"12:34:00.000"	"nan"	"3"	"2"	"3"	"3"	"1"	"22192"	"46456"	"9706"	"4994"	"manual"	"no"	"668"	"55777"	"1.8"	"1.15"	"48502"
"zoopl_202205_130_d5_1_90.jpg"	0	"zoopl_202205_130_d5_1_90"	5.833333333333333	-5.833333333333333	"20220501"	"000000"	"http://www.zooscan.obs-vlfr.fr//"	1.0	5.0	"validated"	"Jonas Mortelmans"	"jonas.mortelmans@vliz.be"	"20220802"	"112145"	"artefact"	85008	5.833333333333333	-5.833333333333333	1674.0	235.71	4.417	233.0	225.0	247.0	17.42	53.89	17.43	53.93	336.66	7169.0	10365.0	34.0	110.0	114.6	18.6	101.1	0.186	113.3	394584.0	235.0	0.094	-1.034	0.9	7174.0	10365.0	1659.0	1.181	316.0	0.351	231.0	234.0	239.0	0.0	0.0	1.0	2.0	0.0	0.0	0.0	0.0	0.0	0.0	0.0	5.477	5.504	5.0	5.0	284.0	1989.0	71.099	1.479	1.0	46.167120311826494	6.052631578947368	22.0	-1.0541549953314644	0.0	1.6970005515251791	18.181818181818183	8.273832181962982	2.774311681192335	2.982300884955752	2.9304347826086956	0.18356777685126985	0.0	"zoopl_202205_130"	"nan"	"jonas"	"simon"	"lifewatch"	"130"	"5"	"ref"	"5"	"5"	"1"	"wp2"	"5"	"1"	"5"	"1"	"5"	"5"	"1"	"1"	"1111"	"5"	"5"	"5"	"5"	"5"	"5"	"5"	"nan"	"zooprocess_zoopl_202205_130"	"20220802"	"12:39:00.000"	"8.03_picheral_cnrs"	"2400"	"nan"	"0"	"20220801_1024_background_narrow_manual.tif"	"8.09_2022/04/06_picheral_cnrs"	"243"	"0.0106"	"0.3"	"100"	"unused"	"0.0101"	"zooprocess_pid_to_ecotaxa_8.03_2021/11/10"	"d5_zoopl_202205_130"	"zooscan"	"10"	"200"	"32"	"motoda"	"hydroptic_v3"	"9.7.67"	"jonas"	"zooscan"	"20220802"	"12:34:00.000"	"nan"	"3"	"2"	"3"	"3"	"1"	"22192"	"46456"	"9706"	"4994"	"manual"	"no"	"668"	"55777"	"1.8"	"1.15"	"48502"
"zoopl_202205_130_d5_1_91.jpg"	0	"zoopl_202205_130_d5_1_91"	5.833333333333333	-5.833333333333333	"20220501"	"000000"	"http://www.zooscan.obs-vlfr.fr//"	1.0	5.0	"validated"	"Jonas Mortelmans"	"jonas.mortelmans@vliz.be"	"20220802"	"112145"	"artefact"	85008	5.833333333333333	-5.833333333333333	1097.0	238.8	3.344	243.0	229.0	246.0	15.48	36.75	15.48	36.76	318.52	7269.0	10365.0	31.0	79.0	78.9	17.7	99.9	0.136	81.3	261961.0	239.0	-0.373	-0.684	2.46	7275.0	10365.0	1070.0	1.193	310.0	0.272	235.0	238.0	240.0	0.0	0.0	2.0	1.0	0.0	0.0	0.0	0.0	0.0	0.0	0.0	4.326	4.361	5.0	5.0	216.0	1451.0	161.563	1.823	1.0	37.37303547444967	4.388888888888889	17.0	-0.7346938775510184	0.0	1.2562814070351758	17.647058823529413	9.752114556226102	2.4762422540887594	3.9382716049382718	4.037974683544304	0.13213329819247369	0.0	"zoopl_202205_130"	"nan"	"jonas"	"simon"	"lifewatch"	"130"	"5"	"ref"	"5"	"5"	"1"	"wp2"	"5"	"1"	"5"	"1"	"5"	"5"	"1"	"1"	"1111"	"5"	"5"	"5"	"5"	"5"	"5"	"5"	"nan"	"zooprocess_zoopl_202205_130"	"20220802"	"12:39:00.000"	"8.03_picheral_cnrs"	"2400"	"nan"	"0"	"20220801_1024_background_narrow_manual.tif"	"8.09_2022/04/06_picheral_cnrs"	"243"	"0.0106"	"0.3"	"100"	"unused"	"0.0101"	"zooprocess_pid_to_ecotaxa_8.03_2021/11/10"	"d5_zoopl_202205_130"	"zooscan"	"10"	"200"	"32"	"motoda"	"hydroptic_v3"	"9.7.67"	"jonas"	"zooscan"	"20220802"	"12:34:00.000"	"nan"	"3"	"2"	"3"	"3"	"1"	"22192"	"46456"	"9706"	"4994"	"manual"	"no"	"668"	"55777"	"1.8"	"1.15"	"48502"
"zoopl_202205_130_d5_1_92.jpg"	0	"zoopl_202205_130_d5_1_92"	5.833333333333333	-5.833333333333333	"20220501"	"000000"	"http://www.zooscan.obs-vlfr.fr//"	1.0	5.0	"validated"	"Jonas Mortelmans"	"jonas.mortelmans@vliz.be"	"20220802"	"112145"	"artefact"	85008	5.833333333333333	-5.833333333333333	1386.0	240.95	2.203	242.0	233.0	249.0	20.55	53.0	20.55	53.05	590.99	7356.0	10365.0	39.0	116.0	111.5	15.8	102.7	0.05	120.2	333954.0	241.0	-0.398	0.256	7.36	7368.0	10365.0	1284.0	1.297	563.0	0.429	238.0	240.0	241.0	0.0	0.0	0.0	4.0	0.0	0.0	0.0	0.0	0.0	0.0	0.0	7.083	7.262	5.0	6.0	306.0	2204.0	307.607	2.615	1.0	42.00845163777089	7.0	16.0	-1.0125786163522041	0.0	0.8300477277443454	12.5	16.49320165809475	3.3488734331156853	4.925	5.276785714285714	0.04619552700787383	0.0	"zoopl_202205_130"	"nan"	"jonas"	"simon"	"lifewatch"	"130"	"5"	"ref"	"5"	"5"	"1"	"wp2"	"5"	"1"	"5"	"1"	"5"	"5"	"1"	"1"	"1111"	"5"	"5"	"5"	"5"	"5"	"5"	"5"	"nan"	"zooprocess_zoopl_202205_130"	"20220802"	"12:39:00.000"	"8.03_picheral_cnrs"	"2400"	"nan"	"0"	"20220801_1024_background_narrow_manual.tif"	"8.09_2022/04/06_picheral_cnrs"	"243"	"0.0106"	"0.3"	"100"	"unused"	"0.0101"	"zooprocess_pid_to_ecotaxa_8.03_2021/11/10"	"d5_zoopl_202205_130"	"zooscan"	"10"	"200"	"32"	"motoda"	"hydroptic_v3"	"9.7.67"	"jonas"	"zooscan"	"20220802"	"12:34:00.000"	"nan"	"3"	"2"	"3"	"3"	"1"	"22192"	"46456"	"9706"	"4994"	"manual"	"no"	"668"	"55777"	"1.8"	"1.15"	"48502"
"zoopl_202205_130_d5_1_93.jpg"	0	"zoopl_202205_130_d5_1_93"	5.833333333333333	-5.833333333333333	"20220501"	"000000"	"http://www.zooscan.obs-vlfr.fr//"	1.0	5.0	"validated"	"Jonas Mortelmans"	"jonas.mortelmans@vliz.be"	"20220802"	"112145"	"artefact"	85008	5.833333333333333	-5.833333333333333	737.0	241.54	1.936	242.0	235.0	252.0	13.11	30.75	13.11	30.75	256.29	13170.0	10365.0	25.0	60.0	65.2	14.4	100.8	0.141	63.6	178016.0	242.0	0.082	1.301	11.53	13171.0	10365.0	652.0	1.219	340.0	0.242	239.0	240.0	241.0	0.0	0.0	0.0	0.0	0.0	0.0	0.0	0.0	0.0	0.0	0.0	3.578	3.668	3.0	3.0	166.0	988.0	144.054	2.459	1.0	30.632948674096244	4.642857142857143	17.0	-1.5993883792048962	0.0	0.8280202036929701	11.76470588235294	10.025733759845854	2.5064334399614636	4.0	3.9384615384615387	0.12501943421267975	0.0	"zoopl_202205_130"	"nan"	"jonas"	"simon"	"lifewatch"	"130"	"5"	"ref"	"5"	"5"	"1"	"wp2"	"5"	"1"	"5"	"1"	"5"	"5"	"1"	"1"	"1111"	"5"	"5"	"5"	"5"	"5"	"5"	"5"	"nan"	"zooprocess_zoopl_202205_130"	"20220802"	"12:39:00.000"	"8.03_picheral_cnrs"	"2400"	"nan"	"0"	"20220801_1024_background_narrow_manual.tif"	"8.09_2022/04/06_picheral_cnrs"	"243"	"0.0106"	"0.3"	"100"	"unused"	"0.0101"	"zooprocess_pid_to_ecotaxa_8.03_2021/11/10"	"d5_zoopl_202205_130"	"zooscan"	"10"	"200"	"32"	"motoda"	"hydroptic_v3"	"9.7.67"	"jonas"	"zooscan"	"20220802"	"12:34:00.000"	"nan"	"3"	"2"	"3"	"3"	"1"	"22192"	"46456"	"9706"	"4994"	"manual"	"no"	"668"	"55777"	"1.8"	"1.15"	"48502"
"zoopl_202205_130_d5_1_94.jpg"	0	"zoopl_202205_130_d5_1_94"	5.833333333333333	-5.833333333333333	"20220501"	"000000"	"http://www.zooscan.obs-vlfr.fr//"	1.0	5.0	"validated"	"Jonas Mortelmans"	"jonas.mortelmans@vliz.be"	"20220802"	"112137"	"fiber<detritus"	85076	5.833333333333333	-5.833333333333333	893.0	240.77	1.937	241.0	234.0	247.0	13.13	56.94	13.13	56.95	368.94	1031.0	10374.0	27.0	111.0	117.0	9.7	100.1	0.082	112.4	215007.0	241.0	-0.411	0.225	2.8	1036.0	10374.0	868.0	1.199	279.0	0.294	239.0	240.0	241.0	0.0	0.0	0.0	0.0	0.0	0.0	0.0	0.0	0.0	0.0	0.0	10.06	10.153	12.0	12.0	271.0	1247.0	183.627	1.719	1.0	33.71947380147709	11.7	13.0	-0.9202363367799085	0.0	0.830668272625327	15.384615384615385	12.524676104424312	3.8015277064919317	3.294642857142857	3.1538461538461537	0.08010817850385765	0.0	"zoopl_202205_130"	"nan"	"jonas"	"simon"	"lifewatch"	"130"	"5"	"ref"	"5"	"5"	"1"	"wp2"	"5"	"1"	"5"	"1"	"5"	"5"	"1"	"1"	"1111"	"5"	"5"	"5"	"5"	"5"	"5"	"5"	"nan"	"zooprocess_zoopl_202205_130"	"20220802"	"12:39:00.000"	"8.03_picheral_cnrs"	"2400"	"nan"	"0"	"20220801_1024_background_narrow_manual.tif"	"8.09_2022/04/06_picheral_cnrs"	"243"	"0.0106"	"0.3"	"100"	"unused"	"0.0101"	"zooprocess_pid_to_ecotaxa_8.03_2021/11/10"	"d5_zoopl_202205_130"	"zooscan"	"10"	"200"	"32"	"motoda"	"hydroptic_v3"	"9.7.67"	"jonas"	"zooscan"	"20220802"	"12:34:00.000"	"nan"	"3"	"2"	"3"	"3"	"1"	"22192"	"46456"	"9706"	"4994"	"manual"	"no"	"668"	"55777"	"1.8"	"1.15"	"48502"
"zoopl_202205_130_d5_1_95.jpg"	0	"zoopl_202205_130_d5_1_95"	5.833333333333333	-5.833333333333333	"20220501"	"000000"	"http://www.zooscan.obs-vlfr.fr//"	1.0	5.0	"validated"	"Jonas Mortelmans"	"jonas.mortelmans@vliz.be"	"20220802"	"112145"	"artefact"	85008	5.833333333333333	-5.833333333333333	1079.0	239.87	2.381	240.0	234.0	246.0	13.71	40.54	13.71	40.54	369.19	1097.0	10379.0	29.0	81.0	80.1	17.2	100.0	0.099	82.9	258824.0	240.0	-0.245	-0.506	2.59	1101.0	10379.0	1051.0	1.217	351.0	0.311	237.0	239.0	241.0	0.0	0.0	0.0	3.0	0.0	0.0	0.0	0.0	0.0	0.0	0.0	4.561	4.589	5.0	5.0	216.0	1558.0	149.491	1.919	1.0	37.06515167605875	4.705882352941177	12.0	-1.044293015332196	0.0	0.8337849668570476	16.666666666666664	11.38216843687548	2.5602167486738883	4.445783132530121	4.6125	0.09699734516999353	0.0	"zoopl_202205_130"	"nan"	"jonas"	"simon"	"lifewatch"	"130"	"5"	"ref"	"5"	"5"	"1"	"wp2"	"5"	"1"	"5"	"1"	"5"	"5"	"1"	"1"	"1111"	"5"	"5"	"5"	"5"	"5"	"5"	"5"	"nan"	"zooprocess_zoopl_202205_130"	"20220802"	"12:39:00.000"	"8.03_picheral_cnrs"	"2400"	"nan"	"0"	"20220801_1024_background_narrow_manual.tif"	"8.09_2022/04/06_picheral_cnrs"	"243"	"0.0106"	"0.3"	"100"	"unused"	"0.0101"	"zooprocess_pid_to_ecotaxa_8.03_2021/11/10"	"d5_zoopl_202205_130"	"zooscan"	"10"	"200"	"32"	"motoda"	"hydroptic_v3"	"9.7.67"	"jonas"	"zooscan"	"20220802"	"12:34:00.000"	"nan"	"3"	"2"	"3"	"3"	"1"	"22192"	"46456"	"9706"	"4994"	"manual"	"no"	"668"	"55777"	"1.8"	"1.15"	"48502"
"zoopl_202205_130_d5_1_96.jpg"	0	"zoopl_202205_130_d5_1_96"	5.833333333333333	-5.833333333333333	"20220501"	"000000"	"http://www.zooscan.obs-vlfr.fr//"	1.0	5.0	"validated"	"Jonas Mortelmans"	"jonas.mortelmans@vliz.be"	"20220802"	"112145"	"artefact"	85008	5.833333333333333	-5.833333333333333	914.0	241.31	2.008	243.0	234.0	248.0	14.7	41.41	14.7	41.43	433.47	7311.0	10387.0	30.0	89.0	88.3	13.2	99.8	0.061	91.7	220554.0	242.0	-0.341	0.59	8.21	7314.0	10387.0	839.0	1.251	427.0	0.3	239.0	240.0	241.0	0.0	0.0	0.0	0.0	0.0	0.0	0.0	0.0	0.0	0.0	0.0	6.201	6.391	3.0	3.0	234.0	1493.0	345.859	2.564	1.0	34.11364747264559	6.769230769230769	14.0	-0.9151846785225712	0.0	0.8288094152749574	14.285714285714285	14.948820116798055	3.1761927268947368	4.706521739130435	4.920454545454546	0.056233618748019056	0.0	"zoopl_202205_130"	"nan"	"jonas"	"simon"	"lifewatch"	"130"	"5"	"ref"	"5"	"5"	"1"	"wp2"	"5"	"1"	"5"	"1"	"5"	"5"	"1"	"1"	"1111"	"5"	"5"	"5"	"5"	"5"	"5"	"5"	"nan"	"zooprocess_zoopl_202205_130"	"20220802"	"12:39:00.000"	"8.03_picheral_cnrs"	"2400"	"nan"	"0"	"20220801_1024_background_narrow_manual.tif"	"8.09_2022/04/06_picheral_cnrs"	"243"	"0.0106"	"0.3"	"100"	"unused"	"0.0101"	"zooprocess_pid_to_ecotaxa_8.03_2021/11/10"	"d5_zoopl_202205_130"	"zooscan"	"10"	"200"	"32"	"motoda"	"hydroptic_v3"	"9.7.67"	"jonas"	"zooscan"	"20220802"	"12:34:00.000"	"nan"	"3"	"2"	"3"	"3"	"1"	"22192"	"46456"	"9706"	"4994"	"manual"	"no"	"668"	"55777"	"1.8"	"1.15"	"48502"
"zoopl_202205_130_d5_1_97.jpg"	0	"zoopl_202205_130_d5_1_97"	5.833333333333333	-5.833333333333333	"20220501"	"000000"	"http://www.zooscan.obs-vlfr.fr//"	1.0	5.0	"validated"	"Jonas Mortelmans"	"jonas.mortelmans@vliz.be"	"20220802"	"112145"	"artefact"	85008	5.833333333333333	-5.833333333333333	744.0	241.39	1.829	242.0	236.0	247.0	13.6	35.32	13.6	35.33	342.32	9755.0	10456.0	27.0	71.0	73.2	12.9	100.9	0.08	74.0	179592.0	242.0	-0.243	0.029	7.66	9759.0	10456.0	687.0	1.224	343.0	0.252	239.0	240.0	241.0	0.0	0.0	0.0	0.0	0.0	0.0	0.0	0.0	0.0	0.0	0.0	4.968	5.06	4.0	4.0	192.0	1205.0	219.595	2.093	1.0	30.77808020788433	5.615384615384615	11.0	-1.0408163265306174	0.0	0.8285347363188202	18.181818181818183	13.048113852552419	2.8232760967511084	4.621621621621622	4.684931506849315	0.07380986125700859	0.0	"zoopl_202205_130"	"nan"	"jonas"	"simon"	"lifewatch"	"130"	"5"	"ref"	"5"	"5"	"1"	"wp2"	"5"	"1"	"5"	"1"	"5"	"5"	"1"	"1"	"1111"	"5"	"5"	"5"	"5"	"5"	"5"	"5"	"nan"	"zooprocess_zoopl_202205_130"	"20220802"	"12:39:00.000"	"8.03_picheral_cnrs"	"2400"	"nan"	"0"	"20220801_1024_background_narrow_manual.tif"	"8.09_2022/04/06_picheral_cnrs"	"243"	"0.0106"	"0.3"	"100"	"unused"	"0.0101"	"zooprocess_pid_to_ecotaxa_8.03_2021/11/10"	"d5_zoopl_202205_130"	"zooscan"	"10"	"200"	"32"	"motoda"	"hydroptic_v3"	"9.7.67"	"jonas"	"zooscan"	"20220802"	"12:34:00.000"	"nan"	"3"	"2"	"3"	"3"	"1"	"22192"	"46456"	"9706"	"4994"	"manual"	"no"	"668"	"55777"	"1.8"	"1.15"	"48502"
"zoopl_202205_130_d5_1_98.jpg"	0	"zoopl_202205_130_d5_1_98"	5.833333333333333	-5.833333333333333	"20220501"	"000000"	"http://www.zooscan.obs-vlfr.fr//"	1.0	5.0	"validated"	"Jonas Mortelmans"	"jonas.mortelmans@vliz.be"	"20220802"	"112145"	"artefact"	85008	5.833333333333333	-5.833333333333333	1640.0	242.18	1.584	243.0	236.0	249.0	25.15	43.97	25.16	43.97	1071.73	2538.0	10514.0	68.0	98.0	55.7	37.5	100.4	0.018	101.9	397178.0	242.0	-0.17	0.831	14.39	2541.0	10514.0	1404.0	1.403	937.0	0.609	240.0	241.0	242.0	0.0	0.0	0.0	1.0	0.0	0.0	0.0	0.0	0.0	0.0	0.0	5.401	5.239	4.0	4.0	328.0	4151.0	211.677	3.094	1.0	45.69587348290507	1.4736842105263157	13.0	-1.1035598705501595	0.0	0.8258320257659592	15.384615384615385	28.609563479842237	2.7221786146864817	10.509803921568627	19.142857142857142	0.015352793236383624	0.0	"zoopl_202205_130"	"nan"	"jonas"	"simon"	"lifewatch"	"130"	"5"	"ref"	"5"	"5"	"1"	"wp2"	"5"	"1"	"5"	"1"	"5"	"5"	"1"	"1"	"1111"	"5"	"5"	"5"	"5"	"5"	"5"	"5"	"nan"	"zooprocess_zoopl_202205_130"	"20220802"	"12:39:00.000"	"8.03_picheral_cnrs"	"2400"	"nan"	"0"	"20220801_1024_background_narrow_manual.tif"	"8.09_2022/04/06_picheral_cnrs"	"243"	"0.0106"	"0.3"	"100"	"unused"	"0.0101"	"zooprocess_pid_to_ecotaxa_8.03_2021/11/10"	"d5_zoopl_202205_130"	"zooscan"	"10"	"200"	"32"	"motoda"	"hydroptic_v3"	"9.7.67"	"jonas"	"zooscan"	"20220802"	"12:34:00.000"	"nan"	"3"	"2"	"3"	"3"	"1"	"22192"	"46456"	"9706"	"4994"	"manual"	"no"	"668"	"55777"	"1.8"	"1.15"	"48502"
"zoopl_202205_130_d5_1_99.jpg"	0	"zoopl_202205_130_d5_1_99"	5.833333333333333	-5.833333333333333	"20220501"	"000000"	"http://www.zooscan.obs-vlfr.fr//"	1.0	5.0	"validated"	"Jonas Mortelmans"	"jonas.mortelmans@vliz.be"	"20220802"	"112145"	"artefact"	85008	5.833333333333333	-5.833333333333333	3119.0	242.13	1.886	243.0	236.0	249.0	34.12	45.72	34.12	45.71	1258.71	6993.0	10543.0	79.0	109.0	82.1	48.4	101.2	0.025	117.8	755203.0	242.0	0.063	0.528	18.37	6999.0	10543.0	2546.0	1.486	1581.0	1.023	240.0	241.0	242.0	0.0	0.0	0.0	0.0	0.0	0.0	0.0	0.0	0.0	0.0	0.0	3.368	3.511	3.0	3.0	372.0	6056.0	265.335	3.714	1.0	63.017728775551504	1.7083333333333333	13.0	-1.1207177814029379	0.0	0.8260025606079379	15.384615384615385	24.951492610734434	2.3385831041037832	10.669491525423728	15.353658536585366	0.020184444570440534	0.0	"zoopl_202205_130"	"nan"	"jonas"	"simon"	"lifewatch"	"130"	"5"	"ref"	"5"	"5"	"1"	"wp2"	"5"	"1"	"5"	"1"	"5"	"5"	"1"	"1"	"1111"	"5"	"5"	"5"	"5"	"5"	"5"	"5"	"nan"	"zooprocess_zoopl_202205_130"	"20220802"	"12:39:00.000"	"8.03_picheral_cnrs"	"2400"	"nan"	"0"	"20220801_1024_background_narrow_manual.tif"	"8.09_2022/04/06_picheral_cnrs"	"243"	"0.0106"	"0.3"	"100"	"unused"	"0.0101"	"zooprocess_pid_to_ecotaxa_8.03_2021/11/10"	"d5_zoopl_202205_130"	"zooscan"	"10"	"200"	"32"	"motoda"	"hydroptic_v3"	"9.7.67"	"jonas"	"zooscan"	"20220802"	"12:34:00.000"	"nan"	"3"	"2"	"3"	"3"	"1"	"22192"	"46456"	"9706"	"4994"	"manual"	"no"	"668"	"55777"	"1.8"	"1.15"	"48502"
"zoopl_202205_130_d5_1_100.jpg"	0	"zoopl_202205_130_d5_1_100"	5.833333333333333	-5.833333333333333	"20220501"	"000000"	"http://www.zooscan.obs-vlfr.fr//"	1.0	5.0	"validated"	"Jonas Mortelmans"	"jonas.mortelmans@vliz.be"	"20220802"	"112145"	"artefact"	85008	5.833333333333333	-5.833333333333333	1056.0	240.71	2.658	242.0	220.0	247.0	16.12	51.13	16.13	51.18	450.68	13383.0	10639.0	31.0	104.0	101.9	13.2	101.4	0.065	107.0	254189.0	241.0	-2.103	10.406	6.34	13387.0	10639.0	989.0	1.255	448.0	0.328	238.0	240.0	241.0	0.0	0.0	1.0	2.0	0.0	0.0	0.0	0.0	0.0	0.0	0.0	7.46	7.563	5.0	5.0	266.0	1641.0	241.579	2.333	1.0	36.667982753900326	7.846153846153846	27.0	-0.303718010622887	0.0	1.2463129907357402	11.11111111111111	14.340965666887545	3.4024020540065796	4.214953271028038	4.421568627450981	0.06110166880989386	0.0	"zoopl_202205_130"	"nan"	"jonas"	"simon"	"lifewatch"	"130"	"5"	"ref"	"5"	"5"	"1"	"wp2"	"5"	"1"	"5"	"1"	"5"	"5"	"1"	"1"	"1111"	"5"	"5"	"5"	"5"	"5"	"5"	"5"	"nan"	"zooprocess_zoopl_202205_130"	"20220802"	"12:39:00.000"	"8.03_picheral_cnrs"	"2400"	"nan"	"0"	"20220801_1024_background_narrow_manual.tif"	"8.09_2022/04/06_picheral_cnrs"	"243"	"0.0106"	"0.3"	"100"	"unused"	"0.0101"	"zooprocess_pid_to_ecotaxa_8.03_2021/11/10"	"d5_zoopl_202205_130"	"zooscan"	"10"	"200"	"32"	"motoda"	"hydroptic_v3"	"9.7.67"	"jonas"	"zooscan"	"20220802"	"12:34:00.000"	"nan"	"3"	"2"	"3"	"3"	"1"	"22192"	"46456"	"9706"	"4994"	"manual"	"no"	"668"	"55777"	"1.8"	"1.15"	"48502"
"zoopl_202205_130_d5_1_101.jpg"	0	"zoopl_202205_130_d5_1_101"	5.833333333333333	-5.833333333333333	"20220501"	"000000"	"http://www.zooscan.obs-vlfr.fr//"	1.0	5.0	"validated"	"Jonas Mortelmans"	"jonas.mortelmans@vliz.be"	"20220802"	"112145"	"artefact"	85008	5.833333333333333	-5.833333333333333	896.0	242.2	1.79	243.0	236.0	248.0	21.54	21.92	21.54	21.92	447.81	4355.0	10697.0	48.0	49.0	40.0	28.5	72.1	0.056	55.8	217014.0	242.0	0.022	0.621	16.63	4392.0	10697.0	747.0	1.306	479.0	0.313	240.0	241.0	242.0	0.0	0.0	0.0	0.0	0.0	0.0	0.0	0.0	0.0	0.0	0.0	2.959	2.994	4.0	4.0	190.0	1663.0	384.717	2.533	1.0	33.77606596515802	1.3793103448275863	12.0	-0.9354838709677454	0.0	0.8257638315441783	16.666666666666664	16.391462825127093	2.0489328531408866	8.0	11.2	0.04677076116532955	0.0	"zoopl_202205_130"	"nan"	"jonas"	"simon"	"lifewatch"	"130"	"5"	"ref"	"5"	"5"	"1"	"wp2"	"5"	"1"	"5"	"1"	"5"	"5"	"1"	"1"	"1111"	"5"	"5"	"5"	"5"	"5"	"5"	"5"	"nan"	"zooprocess_zoopl_202205_130"	"20220802"	"12:39:00.000"	"8.03_picheral_cnrs"	"2400"	"nan"	"0"	"20220801_1024_background_narrow_manual.tif"	"8.09_2022/04/06_picheral_cnrs"	"243"	"0.0106"	"0.3"	"100"	"unused"	"0.0101"	"zooprocess_pid_to_ecotaxa_8.03_2021/11/10"	"d5_zoopl_202205_130"	"zooscan"	"10"	"200"	"32"	"motoda"	"hydroptic_v3"	"9.7.67"	"jonas"	"zooscan"	"20220802"	"12:34:00.000"	"nan"	"3"	"2"	"3"	"3"	"1"	"22192"	"46456"	"9706"	"4994"	"manual"	"no"	"668"	"55777"	"1.8"	"1.15"	"48502"
"zoopl_202205_130_d5_1_102.jpg"	0	"zoopl_202205_130_d5_1_102"	5.833333333333333	-5.833333333333333	"20220501"	"000000"	"http://www.zooscan.obs-vlfr.fr//"	1.0	5.0	"validated"	"Jonas Mortelmans"	"jonas.mortelmans@vliz.be"	"20220802"	"112145"	"artefact"	85008	5.833333333333333	-5.833333333333333	1137.0	239.43	2.549	241.0	231.0	247.0	15.32	54.08	15.31	54.08	373.63	2755.0	10726.0	29.0	110.0	110.7	13.1	99.9	0.102	111.6	272229.0	240.0	-0.284	-0.63	1.32	2759.0	10726.0	1122.0	1.201	250.0	0.315	237.0	238.0	240.0	0.0	0.0	2.0	5.0	0.0	0.0	0.0	0.0	0.0	0.0	0.0	7.785	7.803	9.0	9.0	274.0	1646.0	124.321	1.907	1.0	38.0483030155601	8.538461538461538	16.0	-0.8979833926453128	0.0	1.252975817566721	18.75	11.165422816296152	3.3436560305485803	3.3392857142857144	3.369369369369369	0.10079976428630352	0.0	"zoopl_202205_130"	"nan"	"jonas"	"simon"	"lifewatch"	"130"	"5"	"ref"	"5"	"5"	"1"	"wp2"	"5"	"1"	"5"	"1"	"5"	"5"	"1"	"1"	"1111"	"5"	"5"	"5"	"5"	"5"	"5"	"5"	"nan"	"zooprocess_zoopl_202205_130"	"20220802"	"12:39:00.000"	"8.03_picheral_cnrs"	"2400"	"nan"	"0"	"20220801_1024_background_narrow_manual.tif"	"8.09_2022/04/06_picheral_cnrs"	"243"	"0.0106"	"0.3"	"100"	"unused"	"0.0101"	"zooprocess_pid_to_ecotaxa_8.03_2021/11/10"	"d5_zoopl_202205_130"	"zooscan"	"10"	"200"	"32"	"motoda"	"hydroptic_v3"	"9.7.67"	"jonas"	"zooscan"	"20220802"	"12:34:00.000"	"nan"	"3"	"2"	"3"	"3"	"1"	"22192"	"46456"	"9706"	"4994"	"manual"	"no"	"668"	"55777"	"1.8"	"1.15"	"48502"
"zoopl_202205_130_d5_1_103.jpg"	0	"zoopl_202205_130_d5_1_103"	5.833333333333333	-5.833333333333333	"20220501"	"000000"	"http://www.zooscan.obs-vlfr.fr//"	1.0	5.0	"validated"	"Jonas Mortelmans"	"jonas.mortelmans@vliz.be"	"20220802"	"112145"	"artefact"	85008	5.833333333333333	-5.833333333333333	704.0	240.42	2.137	241.0	234.0	247.0	9.8	38.88	9.8	38.91	274.03	2722.0	10734.0	21.0	78.0	78.0	11.5	99.1	0.118	78.8	169255.0	241.0	-0.284	-0.363	2.7	2728.0	10734.0	685.0	1.186	242.0	0.217	238.0	240.0	241.0	0.0	0.0	0.0	2.0	0.0	0.0	0.0	0.0	0.0	0.0	0.0	6.131	6.223	6.0	6.0	194.0	929.0	90.067	1.547	1.0	29.93928254807644	6.5	13.0	-1.0249221183800663	0.0	0.8318775476249896	15.384615384615385	10.469001862641921	3.018434843608437	3.4683544303797467	3.5128205128205128	0.11465666618940851	0.0	"zoopl_202205_130"	"nan"	"jonas"	"simon"	"lifewatch"	"130"	"5"	"ref"	"5"	"5"	"1"	"wp2"	"5"	"1"	"5"	"1"	"5"	"5"	"1"	"1"	"1111"	"5"	"5"	"5"	"5"	"5"	"5"	"5"	"nan"	"zooprocess_zoopl_202205_130"	"20220802"	"12:39:00.000"	"8.03_picheral_cnrs"	"2400"	"nan"	"0"	"20220801_1024_background_narrow_manual.tif"	"8.09_2022/04/06_picheral_cnrs"	"243"	"0.0106"	"0.3"	"100"	"unused"	"0.0101"	"zooprocess_pid_to_ecotaxa_8.03_2021/11/10"	"d5_zoopl_202205_130"	"zooscan"	"10"	"200"	"32"	"motoda"	"hydroptic_v3"	"9.7.67"	"jonas"	"zooscan"	"20220802"	"12:34:00.000"	"nan"	"3"	"2"	"3"	"3"	"1"	"22192"	"46456"	"9706"	"4994"	"manual"	"no"	"668"	"55777"	"1.8"	"1.15"	"48502"
"zoopl_202205_130_d5_1_104.jpg"	0	"zoopl_202205_130_d5_1_104"	5.833333333333333	-5.833333333333333	"20220501"	"000000"	"http://www.zooscan.obs-vlfr.fr//"	1.0	5.0	"validated"	"Jonas Mortelmans"	"jonas.mortelmans@vliz.be"	"20220802"	"112145"	"artefact"	85008	5.833333333333333	-5.833333333333333	1209.0	241.57	2.814	242.0	217.0	247.0	21.85	56.39	21.82	56.34	675.23	7089.0	10768.0	44.0	100.0	92.9	16.6	102.0	0.033	102.6	292062.0	242.0	-4.049	27.689	12.57	7097.0	10768.0	1057.0	1.32	642.0	0.412	240.0	241.0	242.0	0.0	0.0	1.0	2.0	0.0	0.0	0.0	0.0	0.0	0.0	0.0	6.198	6.489	4.0	4.0	284.0	2383.0	404.811	3.188	1.0	39.23450789273152	5.470588235294118	30.0	-0.22100122100122135	0.0	1.2418760607691353	10.0	20.761861002329194	3.1681061973924547	6.553398058252427	7.258064516129032	0.02915260079973146	0.0	"zoopl_202205_130"	"nan"	"jonas"	"simon"	"lifewatch"	"130"	"5"	"ref"	"5"	"5"	"1"	"wp2"	"5"	"1"	"5"	"1"	"5"	"5"	"1"	"1"	"1111"	"5"	"5"	"5"	"5"	"5"	"5"	"5"	"nan"	"zooprocess_zoopl_202205_130"	"20220802"	"12:39:00.000"	"8.03_picheral_cnrs"	"2400"	"nan"	"0"	"20220801_1024_background_narrow_manual.tif"	"8.09_2022/04/06_picheral_cnrs"	"243"	"0.0106"	"0.3"	"100"	"unused"	"0.0101"	"zooprocess_pid_to_ecotaxa_8.03_2021/11/10"	"d5_zoopl_202205_130"	"zooscan"	"10"	"200"	"32"	"motoda"	"hydroptic_v3"	"9.7.67"	"jonas"	"zooscan"	"20220802"	"12:34:00.000"	"nan"	"3"	"2"	"3"	"3"	"1"	"22192"	"46456"	"9706"	"4994"	"manual"	"no"	"668"	"55777"	"1.8"	"1.15"	"48502"
"zoopl_202205_130_d5_1_105.jpg"	0	"zoopl_202205_130_d5_1_105"	5.833333333333333	-5.833333333333333	"20220501"	"000000"	"http://www.zooscan.obs-vlfr.fr//"	1.0	5.0	"validated"	"Jonas Mortelmans"	"jonas.mortelmans@vliz.be"	"20220802"	"112145"	"artefact"	85008	5.833333333333333	-5.833333333333333	707.0	242.19	1.685	243.0	236.0	250.0	24.53	21.58	24.53	21.59	465.47	3457.0	10874.0	52.0	39.0	40.7	22.1	34.5	0.041	54.7	171230.0	242.0	0.208	1.718	13.86	3497.0	10874.0	609.0	1.281	398.0	0.263	240.0	241.0	242.0	0.0	0.0	0.0	0.0	0.0	0.0	0.0	0.0	0.0	0.0	0.0	3.45	3.552	5.0	5.0	178.0	1331.0	380.214	1.6	1.0	30.003005818213616	1.8636363636363635	14.0	-1.2617124394184176	0.0	0.8257979272472026	14.285714285714285	18.842750889499754	2.2287124708010464	8.454545454545455	11.341463414634147	0.03539331577821592	0.0	"zoopl_202205_130"	"nan"	"jonas"	"simon"	"lifewatch"	"130"	"5"	"ref"	"5"	"5"	"1"	"wp2"	"5"	"1"	"5"	"1"	"5"	"5"	"1"	"1"	"1111"	"5"	"5"	"5"	"5"	"5"	"5"	"5"	"nan"	"zooprocess_zoopl_202205_130"	"20220802"	"12:39:00.000"	"8.03_picheral_cnrs"	"2400"	"nan"	"0"	"20220801_1024_background_narrow_manual.tif"	"8.09_2022/04/06_picheral_cnrs"	"243"	"0.0106"	"0.3"	"100"	"unused"	"0.0101"	"zooprocess_pid_to_ecotaxa_8.03_2021/11/10"	"d5_zoopl_202205_130"	"zooscan"	"10"	"200"	"32"	"motoda"	"hydroptic_v3"	"9.7.67"	"jonas"	"zooscan"	"20220802"	"12:34:00.000"	"nan"	"3"	"2"	"3"	"3"	"1"	"22192"	"46456"	"9706"	"4994"	"manual"	"no"	"668"	"55777"	"1.8"	"1.15"	"48502"
"zoopl_202205_130_d5_1_106.jpg"	0	"zoopl_202205_130_d5_1_106"	5.833333333333333	-5.833333333333333	"20220501"	"000000"	"http://www.zooscan.obs-vlfr.fr//"	1.0	5.0	"validated"	"Jonas Mortelmans"	"jonas.mortelmans@vliz.be"	"20220802"	"112145"	"artefact"	85008	5.833333333333333	-5.833333333333333	1268.0	237.84	3.375	237.0	227.0	245.0	15.19	46.46	15.19	46.47	335.49	13301.0	10886.0	30.0	94.0	96.9	16.7	99.6	0.142	95.7	301586.0	238.0	-0.237	-0.532	1.34	13307.0	10886.0	1251.0	1.196	301.0	0.304	234.0	237.0	239.0	0.0	0.0	1.0	1.0	0.0	0.0	0.0	0.0	0.0	0.0	0.0	5.17	5.257	6.0	6.0	244.0	1723.0	81.118	1.87	1.0	40.180439802523146	5.705882352941177	18.0	-0.6605166051660512	0.0	1.2613521695257317	16.666666666666664	9.47144304809301	2.714204574975907	3.4895833333333335	3.4536082474226806	0.14008046013422432	0.0	"zoopl_202205_130"	"nan"	"jonas"	"simon"	"lifewatch"	"130"	"5"	"ref"	"5"	"5"	"1"	"wp2"	"5"	"1"	"5"	"1"	"5"	"5"	"1"	"1"	"1111"	"5"	"5"	"5"	"5"	"5"	"5"	"5"	"nan"	"zooprocess_zoopl_202205_130"	"20220802"	"12:39:00.000"	"8.03_picheral_cnrs"	"2400"	"nan"	"0"	"20220801_1024_background_narrow_manual.tif"	"8.09_2022/04/06_picheral_cnrs"	"243"	"0.0106"	"0.3"	"100"	"unused"	"0.0101"	"zooprocess_pid_to_ecotaxa_8.03_2021/11/10"	"d5_zoopl_202205_130"	"zooscan"	"10"	"200"	"32"	"motoda"	"hydroptic_v3"	"9.7.67"	"jonas"	"zooscan"	"20220802"	"12:34:00.000"	"nan"	"3"	"2"	"3"	"3"	"1"	"22192"	"46456"	"9706"	"4994"	"manual"	"no"	"668"	"55777"	"1.8"	"1.15"	"48502"
"zoopl_202205_130_d5_1_107.jpg"	0	"zoopl_202205_130_d5_1_107"	5.833333333333333	-5.833333333333333	"20220501"	"000000"	"http://www.zooscan.obs-vlfr.fr//"	1.0	5.0	"validated"	"Jonas Mortelmans"	"jonas.mortelmans@vliz.be"	"20220802"	"112145"	"artefact"	85008	5.833333333333333	-5.833333333333333	1263.0	240.04	2.321	241.0	233.0	247.0	14.94	53.16	14.94	53.19	372.26	5203.0	10887.0	30.0	101.0	102.9	15.6	100.6	0.115	102.0	303175.0	240.0	-0.366	-0.313	3.09	5211.0	10887.0	1224.0	1.239	373.0	0.369	237.0	239.0	241.0	0.0	0.0	0.0	2.0	0.0	0.0	0.0	0.0	0.0	0.0	0.0	5.923	6.006	7.0	7.0	257.0	1666.0	170.119	1.531	1.0	40.1011414426137	6.4375	14.0	-0.9886363636363659	0.0	0.8331944675887352	14.285714285714285	10.632912278835548	2.9154759474226504	3.6470588235294117	3.6116504854368934	0.11114895964833815	0.0	"zoopl_202205_130"	"nan"	"jonas"	"simon"	"lifewatch"	"130"	"5"	"ref"	"5"	"5"	"1"	"wp2"	"5"	"1"	"5"	"1"	"5"	"5"	"1"	"1"	"1111"	"5"	"5"	"5"	"5"	"5"	"5"	"5"	"nan"	"zooprocess_zoopl_202205_130"	"20220802"	"12:39:00.000"	"8.03_picheral_cnrs"	"2400"	"nan"	"0"	"20220801_1024_background_narrow_manual.tif"	"8.09_2022/04/06_picheral_cnrs"	"243"	"0.0106"	"0.3"	"100"	"unused"	"0.0101"	"zooprocess_pid_to_ecotaxa_8.03_2021/11/10"	"d5_zoopl_202205_130"	"zooscan"	"10"	"200"	"32"	"motoda"	"hydroptic_v3"	"9.7.67"	"jonas"	"zooscan"	"20220802"	"12:34:00.000"	"nan"	"3"	"2"	"3"	"3"	"1"	"22192"	"46456"	"9706"	"4994"	"manual"	"no"	"668"	"55777"	"1.8"	"1.15"	"48502"
"zoopl_202205_130_d5_1_108.jpg"	0	"zoopl_202205_130_d5_1_108"	5.833333333333333	-5.833333333333333	"20220501"	"000000"	"http://www.zooscan.obs-vlfr.fr//"	1.0	5.0	"validated"	"Jonas Mortelmans"	"jonas.mortelmans@vliz.be"	"20220802"	"112145"	"artefact"	85008	5.833333333333333	-5.833333333333333	1332.0	236.13	4.178	234.0	225.0	247.0	14.37	45.73	14.37	45.71	287.79	13247.0	10895.0	28.0	88.0	91.1	18.6	99.7	0.202	90.7	314522.0	236.0	-0.045	-0.882	0.45	13248.0	10895.0	1326.0	1.167	284.0	0.284	232.0	235.0	239.0	0.0	0.0	1.0	3.0	0.0	0.0	0.0	0.0	0.0	0.0	0.0	4.318	4.362	5.0	5.0	228.0	1643.0	43.726	1.555	1.0	41.18197510546619	4.7894736842105265	22.0	-0.9766397124887699	0.0	1.6939821284885446	18.181818181818183	7.908984523887692	2.4990194155339585	3.1648351648351647	3.1648351648351647	0.20089466910976395	0.0	"zoopl_202205_130"	"nan"	"jonas"	"simon"	"lifewatch"	"130"	"5"	"ref"	"5"	"5"	"1"	"wp2"	"5"	"1"	"5"	"1"	"5"	"5"	"1"	"1"	"1111"	"5"	"5"	"5"	"5"	"5"	"5"	"5"	"nan"	"zooprocess_zoopl_202205_130"	"20220802"	"12:39:00.000"	"8.03_picheral_cnrs"	"2400"	"nan"	"0"	"20220801_1024_background_narrow_manual.tif"	"8.09_2022/04/06_picheral_cnrs"	"243"	"0.0106"	"0.3"	"100"	"unused"	"0.0101"	"zooprocess_pid_to_ecotaxa_8.03_2021/11/10"	"d5_zoopl_202205_130"	"zooscan"	"10"	"200"	"32"	"motoda"	"hydroptic_v3"	"9.7.67"	"jonas"	"zooscan"	"20220802"	"12:34:00.000"	"nan"	"3"	"2"	"3"	"3"	"1"	"22192"	"46456"	"9706"	"4994"	"manual"	"no"	"668"	"55777"	"1.8"	"1.15"	"48502"
"zoopl_202205_130_d5_1_109.jpg"	0	"zoopl_202205_130_d5_1_109"	5.833333333333333	-5.833333333333333	"20220501"	"000000"	"http://www.zooscan.obs-vlfr.fr//"	1.0	5.0	"validated"	"Jonas Mortelmans"	"jonas.mortelmans@vliz.be"	"20220802"	"112145"	"artefact"	85008	5.833333333333333	-5.833333333333333	1012.0	239.86	2.552	241.0	231.0	246.0	14.22	35.35	14.22	35.38	310.23	5248.0	10897.0	26.0	74.0	73.5	17.5	98.2	0.132	74.7	242736.0	240.0	-0.403	-0.36	2.96	5258.0	10897.0	982.0	1.209	327.0	0.285	237.0	239.0	241.0	0.0	0.0	0.0	2.0	0.0	0.0	0.0	0.0	0.0	0.0	0.0	3.952	4.062	4.0	4.0	196.0	1369.0	161.501	2.618	1.0	35.89593875735784	4.111111111111111	15.0	-0.6930022573363405	0.0	1.2507295922621529	20.0	9.892497517225342	2.3933461735222603	4.133333333333334	4.1891891891891895	0.12840973926431537	0.0	"zoopl_202205_130"	"nan"	"jonas"	"simon"	"lifewatch"	"130"	"5"	"ref"	"5"	"5"	"1"	"wp2"	"5"	"1"	"5"	"1"	"5"	"5"	"1"	"1"	"1111"	"5"	"5"	"5"	"5"	"5"	"5"	"5"	"nan"	"zooprocess_zoopl_202205_130"	"20220802"	"12:39:00.000"	"8.03_picheral_cnrs"	"2400"	"nan"	"0"	"20220801_1024_background_narrow_manual.tif"	"8.09_2022/04/06_picheral_cnrs"	"243"	"0.0106"	"0.3"	"100"	"unused"	"0.0101"	"zooprocess_pid_to_ecotaxa_8.03_2021/11/10"	"d5_zoopl_202205_130"	"zooscan"	"10"	"200"	"32"	"motoda"	"hydroptic_v3"	"9.7.67"	"jonas"	"zooscan"	"20220802"	"12:34:00.000"	"nan"	"3"	"2"	"3"	"3"	"1"	"22192"	"46456"	"9706"	"4994"	"manual"	"no"	"668"	"55777"	"1.8"	"1.15"	"48502"
"zoopl_202205_130_d5_1_110.jpg"	0	"zoopl_202205_130_d5_1_110"	5.833333333333333	-5.833333333333333	"20220501"	"000000"	"http://www.zooscan.obs-vlfr.fr//"	1.0	5.0	"validated"	"Jonas Mortelmans"	"jonas.mortelmans@vliz.be"	"20220802"	"112145"	"artefact"	85008	5.833333333333333	-5.833333333333333	986.0	240.28	2.224	240.0	234.0	247.0	10.68	40.9	10.68	40.92	304.03	5161.0	10905.0	21.0	81.0	84.5	14.9	97.1	0.134	81.6	236916.0	240.0	-0.121	-0.15	4.56	5171.0	10905.0	941.0	1.233	344.0	0.294	238.0	239.0	241.0	0.0	0.0	0.0	3.0	0.0	0.0	0.0	0.0	0.0	0.0	0.0	4.684	4.774	6.0	6.0	200.0	1257.0	102.408	2.294	1.0	35.43182455235505	5.666666666666667	13.0	-1.0700636942675155	0.0	0.83236224404861	15.384615384615385	9.910116772909888	2.6731236032191146	3.707317073170732	3.5764705882352943	0.12795354427925879	0.0	"zoopl_202205_130"	"nan"	"jonas"	"simon"	"lifewatch"	"130"	"5"	"ref"	"5"	"5"	"1"	"wp2"	"5"	"1"	"5"	"1"	"5"	"5"	"1"	"1"	"1111"	"5"	"5"	"5"	"5"	"5"	"5"	"5"	"nan"	"zooprocess_zoopl_202205_130"	"20220802"	"12:39:00.000"	"8.03_picheral_cnrs"	"2400"	"nan"	"0"	"20220801_1024_background_narrow_manual.tif"	"8.09_2022/04/06_picheral_cnrs"	"243"	"0.0106"	"0.3"	"100"	"unused"	"0.0101"	"zooprocess_pid_to_ecotaxa_8.03_2021/11/10"	"d5_zoopl_202205_130"	"zooscan"	"10"	"200"	"32"	"motoda"	"hydroptic_v3"	"9.7.67"	"jonas"	"zooscan"	"20220802"	"12:34:00.000"	"nan"	"3"	"2"	"3"	"3"	"1"	"22192"	"46456"	"9706"	"4994"	"manual"	"no"	"668"	"55777"	"1.8"	"1.15"	"48502"
"zoopl_202205_130_d5_1_111.jpg"	0	"zoopl_202205_130_d5_1_111"	5.833333333333333	-5.833333333333333	"20220501"	"000000"	"http://www.zooscan.obs-vlfr.fr//"	1.0	5.0	"validated"	"Jonas Mortelmans"	"jonas.mortelmans@vliz.be"	"20220802"	"112145"	"artefact"	85008	5.833333333333333	-5.833333333333333	1026.0	240.48	2.219	242.0	233.0	247.0	15.28	40.84	15.27	40.82	289.06	7456.0	10912.0	29.0	81.0	86.5	15.1	100.8	0.154	83.7	246734.0	241.0	-0.227	-0.316	5.36	7461.0	10912.0	971.0	1.228	341.0	0.306	238.0	239.0	241.0	0.0	0.0	0.0	2.0	0.0	0.0	0.0	0.0	0.0	0.0	0.0	4.731	4.857	6.0	6.0	216.0	1412.0	174.955	3.111	1.0	36.14337799512211	5.8	14.0	-0.8716577540106978	0.0	0.8316699933466402	14.285714285714285	9.274451357992076	2.695688283983856	3.4404761904761907	3.32183908045977	0.1460943459314754	0.0	"zoopl_202205_130"	"nan"	"jonas"	"simon"	"lifewatch"	"130"	"5"	"ref"	"5"	"5"	"1"	"wp2"	"5"	"1"	"5"	"1"	"5"	"5"	"1"	"1"	"1111"	"5"	"5"	"5"	"5"	"5"	"5"	"5"	"nan"	"zooprocess_zoopl_202205_130"	"20220802"	"12:39:00.000"	"8.03_picheral_cnrs"	"2400"	"nan"	"0"	"20220801_1024_background_narrow_manual.tif"	"8.09_2022/04/06_picheral_cnrs"	"243"	"0.0106"	"0.3"	"100"	"unused"	"0.0101"	"zooprocess_pid_to_ecotaxa_8.03_2021/11/10"	"d5_zoopl_202205_130"	"zooscan"	"10"	"200"	"32"	"motoda"	"hydroptic_v3"	"9.7.67"	"jonas"	"zooscan"	"20220802"	"12:34:00.000"	"nan"	"3"	"2"	"3"	"3"	"1"	"22192"	"46456"	"9706"	"4994"	"manual"	"no"	"668"	"55777"	"1.8"	"1.15"	"48502"
"zoopl_202205_130_d5_1_112.jpg"	0	"zoopl_202205_130_d5_1_112"	5.833333333333333	-5.833333333333333	"20220501"	"000000"	"http://www.zooscan.obs-vlfr.fr//"	1.0	5.0	"validated"	"Jonas Mortelmans"	"jonas.mortelmans@vliz.be"	"20220802"	"112145"	"artefact"	85008	5.833333333333333	-5.833333333333333	887.0	240.23	2.226	240.0	233.0	246.0	13.57	36.22	13.57	36.22	289.45	7512.0	10920.0	27.0	71.0	71.9	15.7	101.9	0.133	74.0	213088.0	240.0	-0.332	-0.231	3.95	7514.0	10920.0	852.0	1.208	320.0	0.266	238.0	239.0	241.0	0.0	0.0	0.0	1.0	0.0	0.0	0.0	0.0	0.0	0.0	0.0	4.275	4.343	5.0	5.0	191.0	1165.0	106.528	1.641	1.0	33.60600357347016	4.5	13.0	-0.7980636237897674	0.0	0.8325354868251259	15.384615384615385	9.900976857007834	2.5351982263618673	3.9054054054054053	4.013888888888889	0.12818988952998664	0.0	"zoopl_202205_130"	"nan"	"jonas"	"simon"	"lifewatch"	"130"	"5"	"ref"	"5"	"5"	"1"	"wp2"	"5"	"1"	"5"	"1"	"5"	"5"	"1"	"1"	"1111"	"5"	"5"	"5"	"5"	"5"	"5"	"5"	"nan"	"zooprocess_zoopl_202205_130"	"20220802"	"12:39:00.000"	"8.03_picheral_cnrs"	"2400"	"nan"	"0"	"20220801_1024_background_narrow_manual.tif"	"8.09_2022/04/06_picheral_cnrs"	"243"	"0.0106"	"0.3"	"100"	"unused"	"0.0101"	"zooprocess_pid_to_ecotaxa_8.03_2021/11/10"	"d5_zoopl_202205_130"	"zooscan"	"10"	"200"	"32"	"motoda"	"hydroptic_v3"	"9.7.67"	"jonas"	"zooscan"	"20220802"	"12:34:00.000"	"nan"	"3"	"2"	"3"	"3"	"1"	"22192"	"46456"	"9706"	"4994"	"manual"	"no"	"668"	"55777"	"1.8"	"1.15"	"48502"
"zoopl_202205_130_d5_1_113.jpg"	0	"zoopl_202205_130_d5_1_113"	5.833333333333333	-5.833333333333333	"20220501"	"000000"	"http://www.zooscan.obs-vlfr.fr//"	1.0	5.0	"validated"	"Jonas Mortelmans"	"jonas.mortelmans@vliz.be"	"20220802"	"112145"	"artefact"	85008	5.833333333333333	-5.833333333333333	678.0	239.44	2.842	242.0	231.0	246.0	12.39	28.57	12.38	28.55	214.98	7407.0	10933.0	23.0	58.0	55.5	15.6	101.4	0.184	61.0	162337.0	240.0	-0.437	-0.448	2.95	7411.0	10933.0	658.0	1.153	184.0	0.181	236.0	239.0	241.0	0.0	0.0	0.0	1.0	0.0	0.0	0.0	0.0	0.0	0.0	0.0	3.668	3.736	3.0	4.0	158.0	871.0	52.684	2.019	1.0	29.381225490616288	3.5	15.0	-0.7772511848341237	0.0	1.252923488138991	20.0	8.381572637543593	2.378027585535624	3.5245901639344264	3.8392857142857144	0.17887878559758433	0.0	"zoopl_202205_130"	"nan"	"jonas"	"simon"	"lifewatch"	"130"	"5"	"ref"	"5"	"5"	"1"	"wp2"	"5"	"1"	"5"	"1"	"5"	"5"	"1"	"1"	"1111"	"5"	"5"	"5"	"5"	"5"	"5"	"5"	"nan"	"zooprocess_zoopl_202205_130"	"20220802"	"12:39:00.000"	"8.03_picheral_cnrs"	"2400"	"nan"	"0"	"20220801_1024_background_narrow_manual.tif"	"8.09_2022/04/06_picheral_cnrs"	"243"	"0.0106"	"0.3"	"100"	"unused"	"0.0101"	"zooprocess_pid_to_ecotaxa_8.03_2021/11/10"	"d5_zoopl_202205_130"	"zooscan"	"10"	"200"	"32"	"motoda"	"hydroptic_v3"	"9.7.67"	"jonas"	"zooscan"	"20220802"	"12:34:00.000"	"nan"	"3"	"2"	"3"	"3"	"1"	"22192"	"46456"	"9706"	"4994"	"manual"	"no"	"668"	"55777"	"1.8"	"1.15"	"48502"
"zoopl_202205_130_d5_1_114.jpg"	0	"zoopl_202205_130_d5_1_114"	5.833333333333333	-5.833333333333333	"20220501"	"000000"	"http://www.zooscan.obs-vlfr.fr//"	1.0	5.0	"validated"	"Jonas Mortelmans"	"jonas.mortelmans@vliz.be"	"20220802"	"112145"	"artefact"	85008	5.833333333333333	-5.833333333333333	898.0	239.53	3.551	242.0	228.0	248.0	14.28	23.86	14.29	23.93	271.85	22974.0	396.0	34.0	48.0	46.9	24.4	100.0	0.153	48.5	215100.0	240.0	-0.593	-0.299	7.57	22983.0	396.0	830.0	1.217	299.0	0.223	236.0	239.0	241.0	0.0	0.0	2.0	1.0	0.0	0.0	0.0	0.0	0.0	0.0	0.0	2.233	2.354	2.0	2.0	160.0	1214.0	123.767	3.333	1.0	33.813741454801715	1.9583333333333333	20.0	-0.7346053772766694	0.0	1.6699369598797646	20.0	9.441257829208476	1.700814829526527	5.551020408163265	5.787234042553192	0.14097761150949006	0.0	"zoopl_202205_130"	"nan"	"jonas"	"simon"	"lifewatch"	"130"	"5"	"ref"	"5"	"5"	"1"	"wp2"	"5"	"1"	"5"	"1"	"5"	"5"	"1"	"1"	"1111"	"5"	"5"	"5"	"5"	"5"	"5"	"5"	"nan"	"zooprocess_zoopl_202205_130"	"20220802"	"12:39:00.000"	"8.03_picheral_cnrs"	"2400"	"nan"	"0"	"20220801_1024_background_narrow_manual.tif"	"8.09_2022/04/06_picheral_cnrs"	"243"	"0.0106"	"0.3"	"100"	"unused"	"0.0101"	"zooprocess_pid_to_ecotaxa_8.03_2021/11/10"	"d5_zoopl_202205_130"	"zooscan"	"10"	"200"	"32"	"motoda"	"hydroptic_v3"	"9.7.67"	"jonas"	"zooscan"	"20220802"	"12:34:00.000"	"nan"	"3"	"2"	"3"	"3"	"1"	"22192"	"46456"	"9706"	"4994"	"manual"	"no"	"668"	"55777"	"1.8"	"1.15"	"48502"
"zoopl_202205_130_d5_1_115.jpg"	0	"zoopl_202205_130_d5_1_115"	5.833333333333333	-5.833333333333333	"20220501"	"000000"	"http://www.zooscan.obs-vlfr.fr//"	1.0	5.0	"validated"	"Jonas Mortelmans"	"jonas.mortelmans@vliz.be"	"20220802"	"112137"	"fiber<detritus"	85076	5.833333333333333	-5.833333333333333	748.0	234.53	7.257	238.0	206.0	244.0	68.9	21.2	68.79	21.19	337.08	21630.0	546.0	129.0	37.0	93.1	10.2	11.5	0.083	130.4	175430.0	236.0	-1.313	1.606	0.13	21743.0	546.0	747.0	1.142	161.0	0.14	230.0	235.0	239.0	0.0	0.0	2.0	3.0	0.0	0.0	0.0	0.0	0.0	0.0	0.0	16.555	16.613	11.0	12.0	327.0	2044.0	15.791	2.036	1.0	30.860706075232656	9.3	38.0	-0.331931300385559	0.0	2.984692789834989	18.421052631578945	12.330185205508549	4.756451266219915	2.5923076923076924	3.6236559139784945	0.08265529192760614	0.0	"zoopl_202205_130"	"nan"	"jonas"	"simon"	"lifewatch"	"130"	"5"	"ref"	"5"	"5"	"1"	"wp2"	"5"	"1"	"5"	"1"	"5"	"5"	"1"	"1"	"1111"	"5"	"5"	"5"	"5"	"5"	"5"	"5"	"nan"	"zooprocess_zoopl_202205_130"	"20220802"	"12:39:00.000"	"8.03_picheral_cnrs"	"2400"	"nan"	"0"	"20220801_1024_background_narrow_manual.tif"	"8.09_2022/04/06_picheral_cnrs"	"243"	"0.0106"	"0.3"	"100"	"unused"	"0.0101"	"zooprocess_pid_to_ecotaxa_8.03_2021/11/10"	"d5_zoopl_202205_130"	"zooscan"	"10"	"200"	"32"	"motoda"	"hydroptic_v3"	"9.7.67"	"jonas"	"zooscan"	"20220802"	"12:34:00.000"	"nan"	"3"	"2"	"3"	"3"	"1"	"22192"	"46456"	"9706"	"4994"	"manual"	"no"	"668"	"55777"	"1.8"	"1.15"	"48502"
"zoopl_202205_130_d5_1_116.jpg"	0	"zoopl_202205_130_d5_1_116"	5.833333333333333	-5.833333333333333	"20220501"	"000000"	"http://www.zooscan.obs-vlfr.fr//"	1.0	5.0	"validated"	"Jonas Mortelmans"	"jonas.mortelmans@vliz.be"	"20220802"	"112145"	"artefact"	85008	5.833333333333333	-5.833333333333333	3078.0	242.48	2.037	243.0	235.0	253.0	43.62	30.4	43.62	30.39	841.34	17479.0	624.0	94.0	60.0	76.8	51.0	176.2	0.055	94.9	746355.0	242.0	0.352	1.368	25.67	17502.0	624.0	2288.0	1.496	1426.0	0.942	240.0	241.0	242.0	0.0	0.0	0.0	0.0	0.0	0.0	0.0	0.0	0.0	0.0	0.0	2.26	2.352	3.0	4.0	304.0	4255.0	519.101	3.457	1.0	62.602167044718435	1.5098039215686274	18.0	-1.4064171122994686	0.0	0.8248102936324646	11.11111111111111	17.581988260399083	1.9860747737668405	8.852631578947369	10.922077922077921	0.040651248889272844	0.0	"zoopl_202205_130"	"nan"	"jonas"	"simon"	"lifewatch"	"130"	"5"	"ref"	"5"	"5"	"1"	"wp2"	"5"	"1"	"5"	"1"	"5"	"5"	"1"	"1"	"1111"	"5"	"5"	"5"	"5"	"5"	"5"	"5"	"nan"	"zooprocess_zoopl_202205_130"	"20220802"	"12:39:00.000"	"8.03_picheral_cnrs"	"2400"	"nan"	"0"	"20220801_1024_background_narrow_manual.tif"	"8.09_2022/04/06_picheral_cnrs"	"243"	"0.0106"	"0.3"	"100"	"unused"	"0.0101"	"zooprocess_pid_to_ecotaxa_8.03_2021/11/10"	"d5_zoopl_202205_130"	"zooscan"	"10"	"200"	"32"	"motoda"	"hydroptic_v3"	"9.7.67"	"jonas"	"zooscan"	"20220802"	"12:34:00.000"	"nan"	"3"	"2"	"3"	"3"	"1"	"22192"	"46456"	"9706"	"4994"	"manual"	"no"	"668"	"55777"	"1.8"	"1.15"	"48502"
"zoopl_202205_130_d5_1_117.jpg"	0	"zoopl_202205_130_d5_1_117"	5.833333333333333	-5.833333333333333	"20220501"	"000000"	"http://www.zooscan.obs-vlfr.fr//"	1.0	5.0	"validated"	"Jonas Mortelmans"	"jonas.mortelmans@vliz.be"	"20220802"	"112159"	"artefact"	85008	5.833333333333333	-5.833333333333333	3109.0	225.32	31.424	241.0	109.0	255.0	32.11	35.68	31.93	35.89	373.63	16064.0	718.0	65.0	71.0	66.2	59.8	93.2	0.28	72.2	700526.0	236.0	-2.566	5.403	5.79	16102.0	718.0	2929.0	1.318	681.0	0.487	227.0	234.0	238.0	0.0	0.0	3.0	2.0	0.0	0.0	0.0	0.0	0.0	0.0	0.0	1.899	1.949	2.0	2.0	268.0	3441.0	202.499	4.118	1.0	62.91662534323993	1.1	146.0	-0.25515818431911974	0.0	13.758210545002663	21.232876712328768	6.910538905801049	1.3303711262504694	5.194444444444445	5.666666666666667	0.2631394916172754	0.0	"zoopl_202205_130"	"nan"	"jonas"	"simon"	"lifewatch"	"130"	"5"	"ref"	"5"	"5"	"1"	"wp2"	"5"	"1"	"5"	"1"	"5"	"5"	"1"	"1"	"1111"	"5"	"5"	"5"	"5"	"5"	"5"	"5"	"nan"	"zooprocess_zoopl_202205_130"	"20220802"	"12:39:00.000"	"8.03_picheral_cnrs"	"2400"	"nan"	"0"	"20220801_1024_background_narrow_manual.tif"	"8.09_2022/04/06_picheral_cnrs"	"243"	"0.0106"	"0.3"	"100"	"unused"	"0.0101"	"zooprocess_pid_to_ecotaxa_8.03_2021/11/10"	"d5_zoopl_202205_130"	"zooscan"	"10"	"200"	"32"	"motoda"	"hydroptic_v3"	"9.7.67"	"jonas"	"zooscan"	"20220802"	"12:34:00.000"	"nan"	"3"	"2"	"3"	"3"	"1"	"22192"	"46456"	"9706"	"4994"	"manual"	"no"	"668"	"55777"	"1.8"	"1.15"	"48502"
"zoopl_202205_130_d5_1_118.jpg"	0	"zoopl_202205_130_d5_1_118"	5.833333333333333	-5.833333333333333	"20220501"	"000000"	"http://www.zooscan.obs-vlfr.fr//"	1.0	5.0	"validated"	"Jonas Mortelmans"	"jonas.mortelmans@vliz.be"	"20220802"	"112145"	"artefact"	85008	5.833333333333333	-5.833333333333333	723.0	242.44	1.371	243.0	238.0	248.0	40.86	34.04	40.86	34.05	767.99	23022.0	1571.0	70.0	64.0	47.9	19.2	127.8	0.015	85.4	175281.0	243.0	0.277	1.771	11.62	23038.0	1571.0	639.0	1.315	430.0	0.311	241.0	241.0	242.0	0.0	0.0	0.0	0.0	0.0	0.0	0.0	0.0	0.0	0.0	0.0	7.594	7.811	5.0	5.0	264.0	2528.0	491.737	3.15	1.0	30.340603007249587	2.526315789473684	10.0	-1.2522522522522535	0.0	0.4124731892426992	10.0	30.381610449762643	3.362548031549251	9.035294117647059	16.0	0.013614079492485064	0.0	"zoopl_202205_130"	"nan"	"jonas"	"simon"	"lifewatch"	"130"	"5"	"ref"	"5"	"5"	"1"	"wp2"	"5"	"1"	"5"	"1"	"5"	"5"	"1"	"1"	"1111"	"5"	"5"	"5"	"5"	"5"	"5"	"5"	"nan"	"zooprocess_zoopl_202205_130"	"20220802"	"12:39:00.000"	"8.03_picheral_cnrs"	"2400"	"nan"	"0"	"20220801_1024_background_narrow_manual.tif"	"8.09_2022/04/06_picheral_cnrs"	"243"	"0.0106"	"0.3"	"100"	"unused"	"0.0101"	"zooprocess_pid_to_ecotaxa_8.03_2021/11/10"	"d5_zoopl_202205_130"	"zooscan"	"10"	"200"	"32"	"motoda"	"hydroptic_v3"	"9.7.67"	"jonas"	"zooscan"	"20220802"	"12:34:00.000"	"nan"	"3"	"2"	"3"	"3"	"1"	"22192"	"46456"	"9706"	"4994"	"manual"	"no"	"668"	"55777"	"1.8"	"1.15"	"48502"
"zoopl_202205_130_d5_1_119.jpg"	0	"zoopl_202205_130_d5_1_119"	5.833333333333333	-5.833333333333333	"20220501"	"000000"	"http://www.zooscan.obs-vlfr.fr//"	1.0	5.0	"validated"	"Jonas Mortelmans"	"jonas.mortelmans@vliz.be"	"20220802"	"112145"	"artefact"	85008	5.833333333333333	-5.833333333333333	638.0	242.45	1.696	243.0	237.0	248.0	32.33	16.51	32.33	16.51	419.91	14933.0	2143.0	61.0	31.0	39.9	20.3	176.3	0.045	63.9	154685.0	243.0	-0.017	0.461	21.32	14973.0	2143.0	502.0	1.256	355.0	0.221	240.0	241.0	242.0	0.0	0.0	0.0	0.0	0.0	0.0	0.0	0.0	0.0	0.0	0.0	4.31	4.472	4.0	5.0	180.0	1408.0	403.774	3.818	1.0	28.501347854812654	2.0	11.0	-1.0183486238532151	0.0	0.8249123530624871	18.181818181818183	18.745517392452975	2.8564597931356914	6.5625	10.5	0.03576144018372055	0.0	"zoopl_202205_130"	"nan"	"jonas"	"simon"	"lifewatch"	"130"	"5"	"ref"	"5"	"5"	"1"	"wp2"	"5"	"1"	"5"	"1"	"5"	"5"	"1"	"1"	"1111"	"5"	"5"	"5"	"5"	"5"	"5"	"5"	"nan"	"zooprocess_zoopl_202205_130"	"20220802"	"12:39:00.000"	"8.03_picheral_cnrs"	"2400"	"nan"	"0"	"20220801_1024_background_narrow_manual.tif"	"8.09_2022/04/06_picheral_cnrs"	"243"	"0.0106"	"0.3"	"100"	"unused"	"0.0101"	"zooprocess_pid_to_ecotaxa_8.03_2021/11/10"	"d5_zoopl_202205_130"	"zooscan"	"10"	"200"	"32"	"motoda"	"hydroptic_v3"	"9.7.67"	"jonas"	"zooscan"	"20220802"	"12:34:00.000"	"nan"	"3"	"2"	"3"	"3"	"1"	"22192"	"46456"	"9706"	"4994"	"manual"	"no"	"668"	"55777"	"1.8"	"1.15"	"48502"
"zoopl_202205_130_d5_1_120.jpg"	0	"zoopl_202205_130_d5_1_120"	5.833333333333333	-5.833333333333333	"20220501"	"000000"	"http://www.zooscan.obs-vlfr.fr//"	1.0	5.0	"validated"	"Jonas Mortelmans"	"jonas.mortelmans@vliz.be"	"20220802"	"112145"	"artefact"	85008	5.833333333333333	-5.833333333333333	1246.0	242.35	1.736	243.0	236.0	251.0	19.39	45.52	19.39	45.53	864.07	14924.0	2167.0	44.0	84.0	65.9	24.1	95.7	0.021	87.9	301966.0	242.0	0.425	1.595	16.53	14939.0	2167.0	1040.0	1.374	709.0	0.454	240.0	241.0	242.0	0.0	0.0	0.0	0.0	0.0	0.0	0.0	0.0	0.0	0.0	0.0	4.24	4.342	4.0	4.0	252.0	2913.0	471.544	3.6	1.0	39.830346128799995	2.75	15.0	-1.3622047244094508	0.0	0.8252527336496802	13.333333333333334	26.79150267126903	2.7287641609625863	9.818181818181818	13.090909090909092	0.017507160706733242	0.0	"zoopl_202205_130"	"nan"	"jonas"	"simon"	"lifewatch"	"130"	"5"	"ref"	"5"	"5"	"1"	"wp2"	"5"	"1"	"5"	"1"	"5"	"5"	"1"	"1"	"1111"	"5"	"5"	"5"	"5"	"5"	"5"	"5"	"nan"	"zooprocess_zoopl_202205_130"	"20220802"	"12:39:00.000"	"8.03_picheral_cnrs"	"2400"	"nan"	"0"	"20220801_1024_background_narrow_manual.tif"	"8.09_2022/04/06_picheral_cnrs"	"243"	"0.0106"	"0.3"	"100"	"unused"	"0.0101"	"zooprocess_pid_to_ecotaxa_8.03_2021/11/10"	"d5_zoopl_202205_130"	"zooscan"	"10"	"200"	"32"	"motoda"	"hydroptic_v3"	"9.7.67"	"jonas"	"zooscan"	"20220802"	"12:34:00.000"	"nan"	"3"	"2"	"3"	"3"	"1"	"22192"	"46456"	"9706"	"4994"	"manual"	"no"	"668"	"55777"	"1.8"	"1.15"	"48502"
"zoopl_202205_130_d5_1_121.jpg"	0	"zoopl_202205_130_d5_1_121"	5.833333333333333	-5.833333333333333	"20220501"	"000000"	"http://www.zooscan.obs-vlfr.fr//"	1.0	5.0	"validated"	"Jonas Mortelmans"	"jonas.mortelmans@vliz.be"	"20220802"	"112145"	"artefact"	85008	5.833333333333333	-5.833333333333333	3257.0	232.12	7.683	242.0	189.0	254.0	35.53	34.16	35.55	34.16	427.33	15982.0	2408.0	72.0	68.0	64.4	64.4	6.3	0.224	72.4	756031.0	233.0	-0.34	0.18	2.12	16011.0	2408.0	3188.0	1.238	685.0	0.52	225.0	231.0	237.0	0.0	0.0	1.0	1.0	0.0	0.0	0.0	0.0	0.0	0.0	0.0	1.967	2.013	2.0	2.0	276.0	3620.0	216.496	3.854	1.0	64.39674834339405	1.0	65.0	-0.5074211502782929	0.0	3.446493193175943	12.307692307692308	7.56255800396682	1.2751854245564662	5.930555555555555	6.671875	0.21972143498059574	0.0	"zoopl_202205_130"	"nan"	"jonas"	"simon"	"lifewatch"	"130"	"5"	"ref"	"5"	"5"	"1"	"wp2"	"5"	"1"	"5"	"1"	"5"	"5"	"1"	"1"	"1111"	"5"	"5"	"5"	"5"	"5"	"5"	"5"	"nan"	"zooprocess_zoopl_202205_130"	"20220802"	"12:39:00.000"	"8.03_picheral_cnrs"	"2400"	"nan"	"0"	"20220801_1024_background_narrow_manual.tif"	"8.09_2022/04/06_picheral_cnrs"	"243"	"0.0106"	"0.3"	"100"	"unused"	"0.0101"	"zooprocess_pid_to_ecotaxa_8.03_2021/11/10"	"d5_zoopl_202205_130"	"zooscan"	"10"	"200"	"32"	"motoda"	"hydroptic_v3"	"9.7.67"	"jonas"	"zooscan"	"20220802"	"12:34:00.000"	"nan"	"3"	"2"	"3"	"3"	"1"	"22192"	"46456"	"9706"	"4994"	"manual"	"no"	"668"	"55777"	"1.8"	"1.15"	"48502"
"zoopl_202205_130_d5_1_122.jpg"	0	"zoopl_202205_130_d5_1_122"	5.833333333333333	-5.833333333333333	"20220501"	"000000"	"http://www.zooscan.obs-vlfr.fr//"	1.0	5.0	"validated"	"Jonas Mortelmans"	"jonas.mortelmans@vliz.be"	"20220802"	"112145"	"artefact"	85008	5.833333333333333	-5.833333333333333	23398.0	242.56	1.953	243.0	234.0	251.0	155.79	80.92	155.85	80.91	6877.11	19481.0	2507.0	367.0	158.0	300.1	99.3	174.8	0.006	373.1	5675492.0	243.0	0.062	0.403	27.82	19578.0	2507.0	16888.0	1.699	10839.0	7.059	240.0	241.0	242.0	0.0	0.0	0.0	3.0	0.0	0.0	0.0	0.0	0.0	0.0	0.0	4.104	4.292	4.0	4.0	1045.0	46091.0	133.71	4.395	1.0	172.60144514955064	3.0303030303030303	17.0	-0.9859813084112145	0.0	0.8245382585751979	11.76470588235294	52.91879107276127	2.870249973846147	18.43699731903485	22.923333333333332	0.004487350941302651	0.0	"zoopl_202205_130"	"nan"	"jonas"	"simon"	"lifewatch"	"130"	"5"	"ref"	"5"	"5"	"1"	"wp2"	"5"	"1"	"5"	"1"	"5"	"5"	"1"	"1"	"1111"	"5"	"5"	"5"	"5"	"5"	"5"	"5"	"nan"	"zooprocess_zoopl_202205_130"	"20220802"	"12:39:00.000"	"8.03_picheral_cnrs"	"2400"	"nan"	"0"	"20220801_1024_background_narrow_manual.tif"	"8.09_2022/04/06_picheral_cnrs"	"243"	"0.0106"	"0.3"	"100"	"unused"	"0.0101"	"zooprocess_pid_to_ecotaxa_8.03_2021/11/10"	"d5_zoopl_202205_130"	"zooscan"	"10"	"200"	"32"	"motoda"	"hydroptic_v3"	"9.7.67"	"jonas"	"zooscan"	"20220802"	"12:34:00.000"	"nan"	"3"	"2"	"3"	"3"	"1"	"22192"	"46456"	"9706"	"4994"	"manual"	"no"	"668"	"55777"	"1.8"	"1.15"	"48502"
"zoopl_202205_130_d5_1_123.jpg"	0	"zoopl_202205_130_d5_1_123"	5.833333333333333	-5.833333333333333	"20220501"	"000000"	"http://www.zooscan.obs-vlfr.fr//"	1.0	5.0	"validated"	"Jonas Mortelmans"	"jonas.mortelmans@vliz.be"	"20220802"	"112145"	"artefact"	85008	5.833333333333333	-5.833333333333333	3633.0	231.69	7.734	222.0	215.0	248.0	38.12	33.83	38.12	33.82	417.29	16758.0	2653.0	76.0	70.0	69.3	66.7	3.8	0.262	78.2	841738.0	232.0	-0.086	-1.243	1.98	16795.0	2653.0	3561.0	1.207	720.0	0.575	223.0	231.0	237.0	0.0	0.0	3.0	1.0	0.0	0.0	0.0	0.0	0.0	0.0	0.0	1.934	1.968	2.0	2.0	288.0	4073.0	284.135	3.524	1.0	68.01234642344613	1.0298507462686568	33.0	-0.977231875374476	0.0	3.4528896370149766	24.242424242424242	6.987954493510232	1.3070994016637845	5.346153846153846	6.043478260869565	0.2573414405611224	0.0	"zoopl_202205_130"	"nan"	"jonas"	"simon"	"lifewatch"	"130"	"5"	"ref"	"5"	"5"	"1"	"wp2"	"5"	"1"	"5"	"1"	"5"	"5"	"1"	"1"	"1111"	"5"	"5"	"5"	"5"	"5"	"5"	"5"	"nan"	"zooprocess_zoopl_202205_130"	"20220802"	"12:39:00.000"	"8.03_picheral_cnrs"	"2400"	"nan"	"0"	"20220801_1024_background_narrow_manual.tif"	"8.09_2022/04/06_picheral_cnrs"	"243"	"0.0106"	"0.3"	"100"	"unused"	"0.0101"	"zooprocess_pid_to_ecotaxa_8.03_2021/11/10"	"d5_zoopl_202205_130"	"zooscan"	"10"	"200"	"32"	"motoda"	"hydroptic_v3"	"9.7.67"	"jonas"	"zooscan"	"20220802"	"12:34:00.000"	"nan"	"3"	"2"	"3"	"3"	"1"	"22192"	"46456"	"9706"	"4994"	"manual"	"no"	"668"	"55777"	"1.8"	"1.15"	"48502"
"zoopl_202205_130_d5_1_124.jpg"	0	"zoopl_202205_130_d5_1_124"	5.833333333333333	-5.833333333333333	"20220501"	"000000"	"http://www.zooscan.obs-vlfr.fr//"	1.0	5.0	"validated"	"Jonas Mortelmans"	"jonas.mortelmans@vliz.be"	"20220802"	"112145"	"artefact"	85008	5.833333333333333	-5.833333333333333	9203.0	241.91	1.934	242.0	234.0	251.0	57.59	65.47	57.6	65.46	1715.01	22162.0	3853.0	113.0	138.0	125.7	93.2	89.4	0.039	139.4	2226295.0	242.0	-0.109	0.334	17.95	22234.0	3853.0	7551.0	1.627	3980.0	2.891	239.0	241.0	242.0	0.0	0.0	0.0	10.0	0.0	0.0	0.0	0.0	0.0	0.0	0.0	1.998	2.094	2.0	2.0	498.0	12107.0	46.067	4.703	1.0	108.24797240686637	1.3548387096774193	17.0	-1.1491782553729466	0.0	0.8267537513951471	11.76470588235294	19.736125096465482	1.5996043081100302	12.338129496402878	13.61111111111111	0.03226161361644421	0.0	"zoopl_202205_130"	"nan"	"jonas"	"simon"	"lifewatch"	"130"	"5"	"ref"	"5"	"5"	"1"	"wp2"	"5"	"1"	"5"	"1"	"5"	"5"	"1"	"1"	"1111"	"5"	"5"	"5"	"5"	"5"	"5"	"5"	"nan"	"zooprocess_zoopl_202205_130"	"20220802"	"12:39:00.000"	"8.03_picheral_cnrs"	"2400"	"nan"	"0"	"20220801_1024_background_narrow_manual.tif"	"8.09_2022/04/06_picheral_cnrs"	"243"	"0.0106"	"0.3"	"100"	"unused"	"0.0101"	"zooprocess_pid_to_ecotaxa_8.03_2021/11/10"	"d5_zoopl_202205_130"	"zooscan"	"10"	"200"	"32"	"motoda"	"hydroptic_v3"	"9.7.67"	"jonas"	"zooscan"	"20220802"	"12:34:00.000"	"nan"	"3"	"2"	"3"	"3"	"1"	"22192"	"46456"	"9706"	"4994"	"manual"	"no"	"668"	"55777"	"1.8"	"1.15"	"48502"
"zoopl_202205_130_d5_1_125.jpg"	0	"zoopl_202205_130_d5_1_125"	5.833333333333333	-5.833333333333333	"20220501"	"000000"	"http://www.zooscan.obs-vlfr.fr//"	1.0	5.0	"validated"	"Jonas Mortelmans"	"jonas.mortelmans@vliz.be"	"20220802"	"112145"	"artefact"	85008	5.833333333333333	-5.833333333333333	6130.0	242.52	1.753	243.0	236.0	250.0	86.0	48.22	86.0	48.22	2766.22	20278.0	7192.0	160.0	105.0	125.7	62.1	162.2	0.01	177.9	1486622.0	243.0	0.233	0.659	22.54	20290.0	7192.0	4748.0	1.588	3032.0	2.084	240.0	241.0	242.0	0.0	0.0	0.0	0.0	0.0	0.0	0.0	0.0	0.0	0.0	0.0	3.392	3.606	3.0	4.0	526.0	12663.0	420.95	2.923	1.0	88.34567566794964	2.032258064516129	14.0	-1.1472392638036777	0.0	0.8246742536698003	14.285714285714285	40.14179795067382	2.583239347512632	15.539325842696629	21.952380952380953	0.00779859241060326	0.0	"zoopl_202205_130"	"nan"	"jonas"	"simon"	"lifewatch"	"130"	"5"	"ref"	"5"	"5"	"1"	"wp2"	"5"	"1"	"5"	"1"	"5"	"5"	"1"	"1"	"1111"	"5"	"5"	"5"	"5"	"5"	"5"	"5"	"nan"	"zooprocess_zoopl_202205_130"	"20220802"	"12:39:00.000"	"8.03_picheral_cnrs"	"2400"	"nan"	"0"	"20220801_1024_background_narrow_manual.tif"	"8.09_2022/04/06_picheral_cnrs"	"243"	"0.0106"	"0.3"	"100"	"unused"	"0.0101"	"zooprocess_pid_to_ecotaxa_8.03_2021/11/10"	"d5_zoopl_202205_130"	"zooscan"	"10"	"200"	"32"	"motoda"	"hydroptic_v3"	"9.7.67"	"jonas"	"zooscan"	"20220802"	"12:34:00.000"	"nan"	"3"	"2"	"3"	"3"	"1"	"22192"	"46456"	"9706"	"4994"	"manual"	"no"	"668"	"55777"	"1.8"	"1.15"	"48502"
"zoopl_202205_130_d5_1_126.jpg"	0	"zoopl_202205_130_d5_1_126"	5.833333333333333	-5.833333333333333	"20220501"	"000000"	"http://www.zooscan.obs-vlfr.fr//"	1.0	5.0	"validated"	"Jonas Mortelmans"	"jonas.mortelmans@vliz.be"	"20220802"	"112145"	"artefact"	85008	5.833333333333333	-5.833333333333333	866.0	241.78	1.689	243.0	235.0	247.0	15.66	49.63	15.67	49.64	456.88	13866.0	7436.0	35.0	89.0	83.6	13.2	102.7	0.052	90.8	209380.0	242.0	-0.422	0.367	10.74	13871.0	7436.0	773.0	1.26	456.0	0.307	240.0	241.0	242.0	0.0	0.0	0.0	0.0	0.0	0.0	0.0	0.0	0.0	0.0	0.0	6.746	6.872	7.0	7.0	244.0	1650.0	433.273	2.483	1.0	33.20580439833751	6.461538461538462	12.0	-0.7699115044247785	0.0	0.8271982794275788	16.666666666666664	16.437147528919105	3.273042505758509	5.021978021978022	5.440476190476191	0.04651113716081781	0.0	"zoopl_202205_130"	"nan"	"jonas"	"simon"	"lifewatch"	"130"	"5"	"ref"	"5"	"5"	"1"	"wp2"	"5"	"1"	"5"	"1"	"5"	"5"	"1"	"1"	"1111"	"5"	"5"	"5"	"5"	"5"	"5"	"5"	"nan"	"zooprocess_zoopl_202205_130"	"20220802"	"12:39:00.000"	"8.03_picheral_cnrs"	"2400"	"nan"	"0"	"20220801_1024_background_narrow_manual.tif"	"8.09_2022/04/06_picheral_cnrs"	"243"	"0.0106"	"0.3"	"100"	"unused"	"0.0101"	"zooprocess_pid_to_ecotaxa_8.03_2021/11/10"	"d5_zoopl_202205_130"	"zooscan"	"10"	"200"	"32"	"motoda"	"hydroptic_v3"	"9.7.67"	"jonas"	"zooscan"	"20220802"	"12:34:00.000"	"nan"	"3"	"2"	"3"	"3"	"1"	"22192"	"46456"	"9706"	"4994"	"manual"	"no"	"668"	"55777"	"1.8"	"1.15"	"48502"
"zoopl_202205_130_d5_1_127.jpg"	0	"zoopl_202205_130_d5_1_127"	5.833333333333333	-5.833333333333333	"20220501"	"000000"	"http://www.zooscan.obs-vlfr.fr//"	1.0	5.0	"validated"	"Jonas Mortelmans"	"jonas.mortelmans@vliz.be"	"20220802"	"112145"	"artefact"	85008	5.833333333333333	-5.833333333333333	8144.0	240.73	2.391	241.0	236.0	250.0	47.99	65.06	48.03	65.07	1231.07	13816.0	7909.0	96.0	135.0	120.2	86.2	82.2	0.068	142.3	1960485.0	241.0	-0.009	-0.47	10.88	13870.0	7909.0	7258.0	1.552	2911.0	2.281	238.0	239.0	241.0	0.0	0.0	2.0	4.0	0.0	0.0	0.0	0.0	0.0	0.0	0.0	1.963	2.046	2.0	2.0	458.0	10168.0	0.0	3.239	1.0	101.82957749260852	1.3953488372093024	14.0	-1.9598308668076174	0.0	0.8308062975117351	14.285714285714285	14.449391924130534	1.6667860708582745	8.669014084507042	10.258333333333333	0.060188112218157175	0.0	"zoopl_202205_130"	"nan"	"jonas"	"simon"	"lifewatch"	"130"	"5"	"ref"	"5"	"5"	"1"	"wp2"	"5"	"1"	"5"	"1"	"5"	"5"	"1"	"1"	"1111"	"5"	"5"	"5"	"5"	"5"	"5"	"5"	"nan"	"zooprocess_zoopl_202205_130"	"20220802"	"12:39:00.000"	"8.03_picheral_cnrs"	"2400"	"nan"	"0"	"20220801_1024_background_narrow_manual.tif"	"8.09_2022/04/06_picheral_cnrs"	"243"	"0.0106"	"0.3"	"100"	"unused"	"0.0101"	"zooprocess_pid_to_ecotaxa_8.03_2021/11/10"	"d5_zoopl_202205_130"	"zooscan"	"10"	"200"	"32"	"motoda"	"hydroptic_v3"	"9.7.67"	"jonas"	"zooscan"	"20220802"	"12:34:00.000"	"nan"	"3"	"2"	"3"	"3"	"1"	"22192"	"46456"	"9706"	"4994"	"manual"	"no"	"668"	"55777"	"1.8"	"1.15"	"48502"
"zoopl_202205_130_d5_1_128.jpg"	0	"zoopl_202205_130_d5_1_128"	5.833333333333333	-5.833333333333333	"20220501"	"000000"	"http://www.zooscan.obs-vlfr.fr//"	1.0	5.0	"validated"	"Jonas Mortelmans"	"jonas.mortelmans@vliz.be"	"20220802"	"112145"	"artefact"	85008	5.833333333333333	-5.833333333333333	951.0	242.77	1.698	243.0	237.0	249.0	28.07	18.17	28.06	18.17	560.04	18965.0	7921.0	59.0	37.0	44.2	27.4	167.7	0.038	66.2	230876.0	243.0	0.337	0.93	25.45	19003.0	7921.0	709.0	1.323	486.0	0.333	240.0	241.0	242.0	0.0	0.0	0.0	0.0	0.0	0.0	0.0	0.0	0.0	0.0	0.0	2.775	2.893	3.0	3.0	188.0	1674.0	605.443	2.0	1.0	34.79728160421644	1.6296296296296295	12.0	-1.079722703639511	0.0	0.8238250195658442	16.666666666666664	21.03124145328303	2.478682028422643	8.484848484848484	12.727272727272727	0.028410576420856676	0.0	"zoopl_202205_130"	"nan"	"jonas"	"simon"	"lifewatch"	"130"	"5"	"ref"	"5"	"5"	"1"	"wp2"	"5"	"1"	"5"	"1"	"5"	"5"	"1"	"1"	"1111"	"5"	"5"	"5"	"5"	"5"	"5"	"5"	"nan"	"zooprocess_zoopl_202205_130"	"20220802"	"12:39:00.000"	"8.03_picheral_cnrs"	"2400"	"nan"	"0"	"20220801_1024_background_narrow_manual.tif"	"8.09_2022/04/06_picheral_cnrs"	"243"	"0.0106"	"0.3"	"100"	"unused"	"0.0101"	"zooprocess_pid_to_ecotaxa_8.03_2021/11/10"	"d5_zoopl_202205_130"	"zooscan"	"10"	"200"	"32"	"motoda"	"hydroptic_v3"	"9.7.67"	"jonas"	"zooscan"	"20220802"	"12:34:00.000"	"nan"	"3"	"2"	"3"	"3"	"1"	"22192"	"46456"	"9706"	"4994"	"manual"	"no"	"668"	"55777"	"1.8"	"1.15"	"48502"
"zoopl_202205_130_d5_1_129.jpg"	0	"zoopl_202205_130_d5_1_129"	5.833333333333333	-5.833333333333333	"20220501"	"000000"	"http://www.zooscan.obs-vlfr.fr//"	1.0	5.0	"validated"	"Jonas Mortelmans"	"jonas.mortelmans@vliz.be"	"20220802"	"112145"	"artefact"	85008	5.833333333333333	-5.833333333333333	2979.0	241.33	2.118	242.0	233.0	248.0	31.55	48.07	31.55	48.07	862.31	13957.0	7933.0	79.0	91.0	83.3	45.6	119.4	0.05	104.3	718917.0	242.0	-0.228	0.085	11.68	13962.0	7933.0	2631.0	1.447	1285.0	0.917	239.0	240.0	241.0	0.0	0.0	1.0	5.0	0.0	0.0	0.0	0.0	0.0	0.0	0.0	2.945	3.033	2.0	2.0	336.0	4524.0	160.029	4.125	1.0	61.58717889111377	1.8043478260869565	15.0	-0.8007202881152434	0.0	0.8287407284631003	13.333333333333334	16.80532213756917	2.027556267177719	8.288461538461538	10.385542168674698	0.04449550913052118	0.0	"zoopl_202205_130"	"nan"	"jonas"	"simon"	"lifewatch"	"130"	"5"	"ref"	"5"	"5"	"1"	"wp2"	"5"	"1"	"5"	"1"	"5"	"5"	"1"	"1"	"1111"	"5"	"5"	"5"	"5"	"5"	"5"	"5"	"nan"	"zooprocess_zoopl_202205_130"	"20220802"	"12:39:00.000"	"8.03_picheral_cnrs"	"2400"	"nan"	"0"	"20220801_1024_background_narrow_manual.tif"	"8.09_2022/04/06_picheral_cnrs"	"243"	"0.0106"	"0.3"	"100"	"unused"	"0.0101"	"zooprocess_pid_to_ecotaxa_8.03_2021/11/10"	"d5_zoopl_202205_130"	"zooscan"	"10"	"200"	"32"	"motoda"	"hydroptic_v3"	"9.7.67"	"jonas"	"zooscan"	"20220802"	"12:34:00.000"	"nan"	"3"	"2"	"3"	"3"	"1"	"22192"	"46456"	"9706"	"4994"	"manual"	"no"	"668"	"55777"	"1.8"	"1.15"	"48502"
"zoopl_202205_130_d5_1_130.jpg"	0	"zoopl_202205_130_d5_1_130"	5.833333333333333	-5.833333333333333	"20220501"	"000000"	"http://www.zooscan.obs-vlfr.fr//"	1.0	5.0	"validated"	"Jonas Mortelmans"	"jonas.mortelmans@vliz.be"	"20220802"	"112145"	"artefact"	85008	5.833333333333333	-5.833333333333333	1223.0	241.42	1.917	243.0	235.0	247.0	15.22	37.2	15.22	37.21	398.01	22992.0	8985.0	31.0	77.0	69.5	22.4	101.7	0.097	77.9	295260.0	242.0	-0.276	-0.012	10.38	23004.0	8985.0	1096.0	1.302	521.0	0.396	239.0	240.0	241.0	0.0	0.0	0.0	0.0	0.0	0.0	0.0	0.0	0.0	0.0	0.0	3.487	3.6	2.0	3.0	212.0	1669.0	227.206	3.0	1.0	39.46101827387509	3.1818181818181817	12.0	-0.8691588785046765	0.0	0.8284317786430289	16.666666666666664	12.022029657270522	2.3560761639876904	5.102564102564102	5.685714285714286	0.08694693437878875	0.0	"zoopl_202205_130"	"nan"	"jonas"	"simon"	"lifewatch"	"130"	"5"	"ref"	"5"	"5"	"1"	"wp2"	"5"	"1"	"5"	"1"	"5"	"5"	"1"	"1"	"1111"	"5"	"5"	"5"	"5"	"5"	"5"	"5"	"nan"	"zooprocess_zoopl_202205_130"	"20220802"	"12:39:00.000"	"8.03_picheral_cnrs"	"2400"	"nan"	"0"	"20220801_1024_background_narrow_manual.tif"	"8.09_2022/04/06_picheral_cnrs"	"243"	"0.0106"	"0.3"	"100"	"unused"	"0.0101"	"zooprocess_pid_to_ecotaxa_8.03_2021/11/10"	"d5_zoopl_202205_130"	"zooscan"	"10"	"200"	"32"	"motoda"	"hydroptic_v3"	"9.7.67"	"jonas"	"zooscan"	"20220802"	"12:34:00.000"	"nan"	"3"	"2"	"3"	"3"	"1"	"22192"	"46456"	"9706"	"4994"	"manual"	"no"	"668"	"55777"	"1.8"	"1.15"	"48502"
"zoopl_202205_130_d5_1_131.jpg"	0	"zoopl_202205_130_d5_1_131"	5.833333333333333	-5.833333333333333	"20220501"	"000000"	"http://www.zooscan.obs-vlfr.fr//"	1.0	5.0	"validated"	"Jonas Mortelmans"	"jonas.mortelmans@vliz.be"	"20220802"	"112145"	"artefact"	85008	5.833333333333333	-5.833333333333333	696.0	242.45	1.46	243.0	237.0	248.0	22.85	27.23	22.85	27.22	669.48	20124.0	9389.0	38.0	64.0	49.5	17.9	102.0	0.02	66.5	168743.0	243.0	0.173	1.636	13.79	20132.0	9389.0	600.0	1.299	431.0	0.286	240.0	241.0	242.0	0.0	0.0	0.0	0.0	0.0	0.0	0.0	0.0	0.0	0.0	0.0	4.637	4.747	5.0	5.0	200.0	1658.0	419.064	2.1	1.0	29.768686956862464	2.7777777777777777	11.0	-1.0183486238532151	0.0	0.41245617653124356	9.090909090909092	27.311810632032437	2.7352635461078822	9.985074626865671	13.38	0.016846468679387844	0.0	"zoopl_202205_130"	"nan"	"jonas"	"simon"	"lifewatch"	"130"	"5"	"ref"	"5"	"5"	"1"	"wp2"	"5"	"1"	"5"	"1"	"5"	"5"	"1"	"1"	"1111"	"5"	"5"	"5"	"5"	"5"	"5"	"5"	"nan"	"zooprocess_zoopl_202205_130"	"20220802"	"12:39:00.000"	"8.03_picheral_cnrs"	"2400"	"nan"	"0"	"20220801_1024_background_narrow_manual.tif"	"8.09_2022/04/06_picheral_cnrs"	"243"	"0.0106"	"0.3"	"100"	"unused"	"0.0101"	"zooprocess_pid_to_ecotaxa_8.03_2021/11/10"	"d5_zoopl_202205_130"	"zooscan"	"10"	"200"	"32"	"motoda"	"hydroptic_v3"	"9.7.67"	"jonas"	"zooscan"	"20220802"	"12:34:00.000"	"nan"	"3"	"2"	"3"	"3"	"1"	"22192"	"46456"	"9706"	"4994"	"manual"	"no"	"668"	"55777"	"1.8"	"1.15"	"48502"
"zoopl_202205_130_d5_1_132.jpg"	0	"zoopl_202205_130_d5_1_132"	5.833333333333333	-5.833333333333333	"20220501"	"000000"	"http://www.zooscan.obs-vlfr.fr//"	1.0	5.0	"validated"	"Jonas Mortelmans"	"jonas.mortelmans@vliz.be"	"20220802"	"112145"	"artefact"	85008	5.833333333333333	-5.833333333333333	1019.0	242.42	1.785	243.0	237.0	250.0	32.33	26.2	32.33	26.19	634.99	16894.0	9566.0	58.0	46.0	36.8	35.3	126.4	0.032	58.7	247022.0	242.0	0.327	1.027	20.12	16925.0	9566.0	814.0	1.344	543.0	0.352	240.0	241.0	242.0	0.0	0.0	0.0	0.0	0.0	0.0	0.0	0.0	0.0	0.0	0.0	2.966	3.085	4.0	4.0	202.0	1805.0	279.099	1.818	1.0	36.01987085047822	1.0571428571428572	13.0	-1.3985239852398579	0.0	0.8250144377526606	15.384615384615385	22.256738482140815	2.0679489298367058	10.76271186440678	17.16216216216216	0.025368034422687997	0.0	"zoopl_202205_130"	"nan"	"jonas"	"simon"	"lifewatch"	"130"	"5"	"ref"	"5"	"5"	"1"	"wp2"	"5"	"1"	"5"	"1"	"5"	"5"	"1"	"1"	"1111"	"5"	"5"	"5"	"5"	"5"	"5"	"5"	"nan"	"zooprocess_zoopl_202205_130"	"20220802"	"12:39:00.000"	"8.03_picheral_cnrs"	"2400"	"nan"	"0"	"20220801_1024_background_narrow_manual.tif"	"8.09_2022/04/06_picheral_cnrs"	"243"	"0.0106"	"0.3"	"100"	"unused"	"0.0101"	"zooprocess_pid_to_ecotaxa_8.03_2021/11/10"	"d5_zoopl_202205_130"	"zooscan"	"10"	"200"	"32"	"motoda"	"hydroptic_v3"	"9.7.67"	"jonas"	"zooscan"	"20220802"	"12:34:00.000"	"nan"	"3"	"2"	"3"	"3"	"1"	"22192"	"46456"	"9706"	"4994"	"manual"	"no"	"668"	"55777"	"1.8"	"1.15"	"48502"
"zoopl_202205_130_d5_1_133.jpg"	0	"zoopl_202205_130_d5_1_133"	5.833333333333333	-5.833333333333333	"20220501"	"000000"	"http://www.zooscan.obs-vlfr.fr//"	1.0	5.0	"validated"	"Jonas Mortelmans"	"jonas.mortelmans@vliz.be"	"20220802"	"112145"	"artefact"	85008	5.833333333333333	-5.833333333333333	2831.0	242.32	1.996	243.0	234.0	251.0	51.05	38.25	51.06	38.24	1109.57	16639.0	9642.0	97.0	77.0	61.7	58.4	3.2	0.029	99.5	686004.0	242.0	-0.03	0.603	23.56	16684.0	9642.0	2164.0	1.487	1413.0	0.873	240.0	241.0	242.0	0.0	0.0	0.0	0.0	0.0	0.0	0.0	0.0	0.0	0.0	0.0	3.129	3.247	3.0	3.0	343.0	5215.0	224.696	3.261	1.0	60.03783099967258	1.0689655172413792	17.0	-1.0432692307692324	0.0	0.8253549026081216	11.76470588235294	23.8613137117753	2.1496679019617386	11.1	17.903225806451612	0.022070956910537495	0.0	"zoopl_202205_130"	"nan"	"jonas"	"simon"	"lifewatch"	"130"	"5"	"ref"	"5"	"5"	"1"	"wp2"	"5"	"1"	"5"	"1"	"5"	"5"	"1"	"1"	"1111"	"5"	"5"	"5"	"5"	"5"	"5"	"5"	"nan"	"zooprocess_zoopl_202205_130"	"20220802"	"12:39:00.000"	"8.03_picheral_cnrs"	"2400"	"nan"	"0"	"20220801_1024_background_narrow_manual.tif"	"8.09_2022/04/06_picheral_cnrs"	"243"	"0.0106"	"0.3"	"100"	"unused"	"0.0101"	"zooprocess_pid_to_ecotaxa_8.03_2021/11/10"	"d5_zoopl_202205_130"	"zooscan"	"10"	"200"	"32"	"motoda"	"hydroptic_v3"	"9.7.67"	"jonas"	"zooscan"	"20220802"	"12:34:00.000"	"nan"	"3"	"2"	"3"	"3"	"1"	"22192"	"46456"	"9706"	"4994"	"manual"	"no"	"668"	"55777"	"1.8"	"1.15"	"48502"
"zoopl_202205_130_d5_1_134.jpg"	0	"zoopl_202205_130_d5_1_134"	5.833333333333333	-5.833333333333333	"20220501"	"000000"	"http://www.zooscan.obs-vlfr.fr//"	1.0	5.0	"validated"	"Jonas Mortelmans"	"jonas.mortelmans@vliz.be"	"20220802"	"112145"	"artefact"	85008	5.833333333333333	-5.833333333333333	973.0	242.59	1.688	243.0	237.0	251.0	28.32	17.1	28.32	17.09	561.05	19717.0	9789.0	54.0	38.0	40.4	30.7	1.7	0.039	56.9	236038.0	243.0	0.332	1.388	22.2	19750.0	9789.0	757.0	1.346	541.0	0.346	240.0	241.0	242.0	0.0	0.0	0.0	0.0	0.0	0.0	0.0	0.0	0.0	0.0	0.0	2.386	2.487	3.0	3.0	180.0	1722.0	199.663	2.455	1.0	35.197472594311556	1.2903225806451613	14.0	-1.5044722719141308	0.0	0.82443629168556	14.285714285714285	20.389891815384033	2.07170023792672	9.842105263157896	14.025	0.030225954274007434	0.0	"zoopl_202205_130"	"nan"	"jonas"	"simon"	"lifewatch"	"130"	"5"	"ref"	"5"	"5"	"1"	"wp2"	"5"	"1"	"5"	"1"	"5"	"5"	"1"	"1"	"1111"	"5"	"5"	"5"	"5"	"5"	"5"	"5"	"nan"	"zooprocess_zoopl_202205_130"	"20220802"	"12:39:00.000"	"8.03_picheral_cnrs"	"2400"	"nan"	"0"	"20220801_1024_background_narrow_manual.tif"	"8.09_2022/04/06_picheral_cnrs"	"243"	"0.0106"	"0.3"	"100"	"unused"	"0.0101"	"zooprocess_pid_to_ecotaxa_8.03_2021/11/10"	"d5_zoopl_202205_130"	"zooscan"	"10"	"200"	"32"	"motoda"	"hydroptic_v3"	"9.7.67"	"jonas"	"zooscan"	"20220802"	"12:34:00.000"	"nan"	"3"	"2"	"3"	"3"	"1"	"22192"	"46456"	"9706"	"4994"	"manual"	"no"	"668"	"55777"	"1.8"	"1.15"	"48502"
"zoopl_202205_130_d5_1_135.jpg"	0	"zoopl_202205_130_d5_1_135"	5.833333333333333	-5.833333333333333	"20220501"	"000000"	"http://www.zooscan.obs-vlfr.fr//"	1.0	5.0	"validated"	"Jonas Mortelmans"	"jonas.mortelmans@vliz.be"	"20220802"	"112145"	"artefact"	85008	5.833333333333333	-5.833333333333333	654.0	242.5	1.738	243.0	236.0	248.0	17.64	18.98	17.64	18.99	352.9	19769.0	9790.0	43.0	36.0	36.0	23.2	120.8	0.066	51.2	158595.0	243.0	-0.019	0.683	21.71	19782.0	9790.0	512.0	1.251	350.0	0.227	240.0	241.0	242.0	0.0	0.0	0.0	0.0	0.0	0.0	0.0	0.0	0.0	0.0	0.0	2.574	2.722	3.0	4.0	154.0	1190.0	348.007	2.059	1.0	28.856518540128786	1.565217391304348	12.0	-0.8461538461538461	0.0	0.8247422680412372	16.666666666666664	15.600543359928203	2.2539028650321202	6.921568627450981	9.805555555555555	0.0516333631964938	0.0	"zoopl_202205_130"	"nan"	"jonas"	"simon"	"lifewatch"	"130"	"5"	"ref"	"5"	"5"	"1"	"wp2"	"5"	"1"	"5"	"1"	"5"	"5"	"1"	"1"	"1111"	"5"	"5"	"5"	"5"	"5"	"5"	"5"	"nan"	"zooprocess_zoopl_202205_130"	"20220802"	"12:39:00.000"	"8.03_picheral_cnrs"	"2400"	"nan"	"0"	"20220801_1024_background_narrow_manual.tif"	"8.09_2022/04/06_picheral_cnrs"	"243"	"0.0106"	"0.3"	"100"	"unused"	"0.0101"	"zooprocess_pid_to_ecotaxa_8.03_2021/11/10"	"d5_zoopl_202205_130"	"zooscan"	"10"	"200"	"32"	"motoda"	"hydroptic_v3"	"9.7.67"	"jonas"	"zooscan"	"20220802"	"12:34:00.000"	"nan"	"3"	"2"	"3"	"3"	"1"	"22192"	"46456"	"9706"	"4994"	"manual"	"no"	"668"	"55777"	"1.8"	"1.15"	"48502"
"zoopl_202205_130_d5_1_136.jpg"	0	"zoopl_202205_130_d5_1_136"	5.833333333333333	-5.833333333333333	"20220501"	"000000"	"http://www.zooscan.obs-vlfr.fr//"	1.0	5.0	"validated"	"Jonas Mortelmans"	"jonas.mortelmans@vliz.be"	"20220802"	"112145"	"artefact"	85008	5.833333333333333	-5.833333333333333	4349.0	242.28	2.022	243.0	234.0	251.0	34.37	71.59	34.37	71.58	1489.08	16544.0	9895.0	72.0	133.0	112.2	49.3	93.2	0.025	138.9	1053665.0	242.0	-0.046	0.526	23.36	16573.0	9895.0	3333.0	1.534	2091.0	1.329	240.0	241.0	242.0	0.0	0.0	0.0	1.0	0.0	0.0	0.0	0.0	0.0	0.0	0.0	3.079	3.164	3.0	3.0	406.0	7456.0	517.24	4.125	1.0	74.41316268008786	2.2857142857142856	17.0	-1.0531400966183573	0.0	0.8254911672445105	11.76470588235294	25.791526133248265	2.4076710090809326	10.712230215827338	13.294642857142858	0.018891036284289005	0.0	"zoopl_202205_130"	"nan"	"jonas"	"simon"	"lifewatch"	"130"	"5"	"ref"	"5"	"5"	"1"	"wp2"	"5"	"1"	"5"	"1"	"5"	"5"	"1"	"1"	"1111"	"5"	"5"	"5"	"5"	"5"	"5"	"5"	"nan"	"zooprocess_zoopl_202205_130"	"20220802"	"12:39:00.000"	"8.03_picheral_cnrs"	"2400"	"nan"	"0"	"20220801_1024_background_narrow_manual.tif"	"8.09_2022/04/06_picheral_cnrs"	"243"	"0.0106"	"0.3"	"100"	"unused"	"0.0101"	"zooprocess_pid_to_ecotaxa_8.03_2021/11/10"	"d5_zoopl_202205_130"	"zooscan"	"10"	"200"	"32"	"motoda"	"hydroptic_v3"	"9.7.67"	"jonas"	"zooscan"	"20220802"	"12:34:00.000"	"nan"	"3"	"2"	"3"	"3"	"1"	"22192"	"46456"	"9706"	"4994"	"manual"	"no"	"668"	"55777"	"1.8"	"1.15"	"48502"
"zoopl_202205_130_d5_1_137.jpg"	0	"zoopl_202205_130_d5_1_137"	5.833333333333333	-5.833333333333333	"20220501"	"000000"	"http://www.zooscan.obs-vlfr.fr//"	1.0	5.0	"validated"	"Jonas Mortelmans"	"jonas.mortelmans@vliz.be"	"20220802"	"112145"	"artefact"	85008	5.833333333333333	-5.833333333333333	686.0	241.99	1.862	243.0	233.0	249.0	13.34	25.75	13.34	25.77	437.09	18159.0	10067.0	27.0	56.0	45.3	19.3	86.9	0.045	56.2	166008.0	242.0	-0.399	1.888	13.56	18168.0	10067.0	593.0	1.269	382.0	0.243	240.0	241.0	242.0	0.0	0.0	0.0	0.0	0.0	0.0	0.0	0.0	0.0	0.0	0.0	3.16	3.356	3.0	3.0	162.0	1197.0	379.484	2.654	1.0	29.554057719513263	2.3684210526315788	16.0	-0.7797552836484966	0.0	0.8264804330757469	12.5	17.945439137417022	2.299644374588909	7.803571428571429	9.71111111111111	0.03902129546845294	0.0	"zoopl_202205_130"	"nan"	"jonas"	"simon"	"lifewatch"	"130"	"5"	"ref"	"5"	"5"	"1"	"wp2"	"5"	"1"	"5"	"1"	"5"	"5"	"1"	"1"	"1111"	"5"	"5"	"5"	"5"	"5"	"5"	"5"	"nan"	"zooprocess_zoopl_202205_130"	"20220802"	"12:39:00.000"	"8.03_picheral_cnrs"	"2400"	"nan"	"0"	"20220801_1024_background_narrow_manual.tif"	"8.09_2022/04/06_picheral_cnrs"	"243"	"0.0106"	"0.3"	"100"	"unused"	"0.0101"	"zooprocess_pid_to_ecotaxa_8.03_2021/11/10"	"d5_zoopl_202205_130"	"zooscan"	"10"	"200"	"32"	"motoda"	"hydroptic_v3"	"9.7.67"	"jonas"	"zooscan"	"20220802"	"12:34:00.000"	"nan"	"3"	"2"	"3"	"3"	"1"	"22192"	"46456"	"9706"	"4994"	"manual"	"no"	"668"	"55777"	"1.8"	"1.15"	"48502"
"zoopl_202205_130_d5_1_138.jpg"	0	"zoopl_202205_130_d5_1_138"	5.833333333333333	-5.833333333333333	"20220501"	"000000"	"http://www.zooscan.obs-vlfr.fr//"	1.0	5.0	"validated"	"Jonas Mortelmans"	"jonas.mortelmans@vliz.be"	"20220802"	"112145"	"artefact"	85008	5.833333333333333	-5.833333333333333	676.0	242.19	1.792	243.0	236.0	248.0	12.97	21.82	12.97	21.82	332.52	18268.0	10112.0	28.0	46.0	40.2	21.4	96.1	0.077	50.6	163718.0	242.0	-0.182	0.586	17.9	18272.0	10112.0	555.0	1.25	353.0	0.231	240.0	241.0	242.0	0.0	0.0	0.0	0.0	0.0	0.0	0.0	0.0	0.0	0.0	0.0	2.322	2.432	3.0	3.0	144.0	1059.0	307.078	3.2	1.0	29.33785834448333	1.9047619047619047	12.0	-0.9386106623586437	0.0	0.8257979272472026	16.666666666666664	14.135062787267694	2.164829435887845	6.529411764705882	8.325	0.06289474781961549	0.0	"zoopl_202205_130"	"nan"	"jonas"	"simon"	"lifewatch"	"130"	"5"	"ref"	"5"	"5"	"1"	"wp2"	"5"	"1"	"5"	"1"	"5"	"5"	"1"	"1"	"1111"	"5"	"5"	"5"	"5"	"5"	"5"	"5"	"nan"	"zooprocess_zoopl_202205_130"	"20220802"	"12:39:00.000"	"8.03_picheral_cnrs"	"2400"	"nan"	"0"	"20220801_1024_background_narrow_manual.tif"	"8.09_2022/04/06_picheral_cnrs"	"243"	"0.0106"	"0.3"	"100"	"unused"	"0.0101"	"zooprocess_pid_to_ecotaxa_8.03_2021/11/10"	"d5_zoopl_202205_130"	"zooscan"	"10"	"200"	"32"	"motoda"	"hydroptic_v3"	"9.7.67"	"jonas"	"zooscan"	"20220802"	"12:34:00.000"	"nan"	"3"	"2"	"3"	"3"	"1"	"22192"	"46456"	"9706"	"4994"	"manual"	"no"	"668"	"55777"	"1.8"	"1.15"	"48502"
"zoopl_202205_130_d5_1_139.jpg"	0	"zoopl_202205_130_d5_1_139"	5.833333333333333	-5.833333333333333	"20220501"	"000000"	"http://www.zooscan.obs-vlfr.fr//"	1.0	5.0	"validated"	"Jonas Mortelmans"	"jonas.mortelmans@vliz.be"	"20220802"	"112145"	"artefact"	85008	5.833333333333333	-5.833333333333333	1467.0	241.63	1.496	240.0	240.0	248.0	19.38	47.28	19.38	47.27	528.52	16666.0	10262.0	38.0	96.0	94.9	19.7	101.9	0.066	97.9	354467.0	241.0	0.784	0.48	9.54	16675.0	10262.0	1327.0	1.329	641.0	0.573	239.0	240.0	241.0	0.0	0.0	0.0	0.0	0.0	0.0	0.0	0.0	0.0	0.0	0.0	4.606	4.733	3.0	3.0	264.0	2161.0	0.0	2.944	1.0	43.21854245721949	4.75	8.0	-3.9079754601227132	0.0	0.41385589537722967	12.5	14.521791955457443	2.6902374511055376	5.3979591836734695	5.568421052631579	0.059589459033003105	0.0	"zoopl_202205_130"	"nan"	"jonas"	"simon"	"lifewatch"	"130"	"5"	"ref"	"5"	"5"	"1"	"wp2"	"5"	"1"	"5"	"1"	"5"	"5"	"1"	"1"	"1111"	"5"	"5"	"5"	"5"	"5"	"5"	"5"	"nan"	"zooprocess_zoopl_202205_130"	"20220802"	"12:39:00.000"	"8.03_picheral_cnrs"	"2400"	"nan"	"0"	"20220801_1024_background_narrow_manual.tif"	"8.09_2022/04/06_picheral_cnrs"	"243"	"0.0106"	"0.3"	"100"	"unused"	"0.0101"	"zooprocess_pid_to_ecotaxa_8.03_2021/11/10"	"d5_zoopl_202205_130"	"zooscan"	"10"	"200"	"32"	"motoda"	"hydroptic_v3"	"9.7.67"	"jonas"	"zooscan"	"20220802"	"12:34:00.000"	"nan"	"3"	"2"	"3"	"3"	"1"	"22192"	"46456"	"9706"	"4994"	"manual"	"no"	"668"	"55777"	"1.8"	"1.15"	"48502"
"zoopl_202205_130_d5_1_140.jpg"	0	"zoopl_202205_130_d5_1_140"	5.833333333333333	-5.833333333333333	"20220501"	"000000"	"http://www.zooscan.obs-vlfr.fr//"	1.0	5.0	"validated"	"Jonas Mortelmans"	"jonas.mortelmans@vliz.be"	"20220802"	"112145"	"artefact"	85008	5.833333333333333	-5.833333333333333	1325.0	241.61	1.583	240.0	239.0	249.0	19.94	44.84	19.95	44.85	517.17	16616.0	10278.0	37.0	92.0	88.2	19.1	100.5	0.062	92.7	320134.0	242.0	0.544	0.307	9.58	16631.0	10278.0	1198.0	1.326	640.0	0.477	239.0	240.0	241.0	0.0	0.0	0.0	1.0	0.0	0.0	0.0	0.0	0.0	0.0	0.0	4.68	4.812	3.0	3.0	254.0	2060.0	54.855	2.656	1.0	41.07362166615078	4.631578947368421	10.0	-2.8314176245210527	0.0	0.8277803071064939	20.0	14.93695711358313	2.6869187844549924	5.559139784946237	5.875	0.05632297623921033	0.0	"zoopl_202205_130"	"nan"	"jonas"	"simon"	"lifewatch"	"130"	"5"	"ref"	"5"	"5"	"1"	"wp2"	"5"	"1"	"5"	"1"	"5"	"5"	"1"	"1"	"1111"	"5"	"5"	"5"	"5"	"5"	"5"	"5"	"nan"	"zooprocess_zoopl_202205_130"	"20220802"	"12:39:00.000"	"8.03_picheral_cnrs"	"2400"	"nan"	"0"	"20220801_1024_background_narrow_manual.tif"	"8.09_2022/04/06_picheral_cnrs"	"243"	"0.0106"	"0.3"	"100"	"unused"	"0.0101"	"zooprocess_pid_to_ecotaxa_8.03_2021/11/10"	"d5_zoopl_202205_130"	"zooscan"	"10"	"200"	"32"	"motoda"	"hydroptic_v3"	"9.7.67"	"jonas"	"zooscan"	"20220802"	"12:34:00.000"	"nan"	"3"	"2"	"3"	"3"	"1"	"22192"	"46456"	"9706"	"4994"	"manual"	"no"	"668"	"55777"	"1.8"	"1.15"	"48502"
"zoopl_202205_130_d5_1_141.jpg"	0	"zoopl_202205_130_d5_1_141"	5.833333333333333	-5.833333333333333	"20220501"	"000000"	"http://www.zooscan.obs-vlfr.fr//"	1.0	5.0	"predicted"	""	""	""	""	"Asteroidea<Echinodermata"	12877	5.833333333333333	-5.833333333333333	1541.0	207.22	33.282	243.0	143.0	249.0	37.98	18.68	38.11	19.25	303.5	22070.0	10342.0	73.0	44.0	59.4	33.0	9.5	0.21	73.6	319329.0	221.0	-0.583	-1.212	0.84	22119.0	10342.0	1528.0	1.196	186.0	0.151	173.0	219.0	236.0	0.0	0.0	1.0	1.0	0.0	0.0	0.0	0.0	0.0	0.0	0.0	3.02	3.065	3.0	4.0	230.0	2295.0	40.536	3.52	1.0	44.29517059947829	1.7878787878787878	106.0	-0.6505761445032701	0.0	15.925103754463855	31.132075471698112	7.776996553469092	1.8930846873576082	4.108108108108108	5.1525423728813555	0.207771536300433	0.0	"zoopl_202205_130"	"nan"	"jonas"	"simon"	"lifewatch"	"130"	"5"	"ref"	"5"	"5"	"1"	"wp2"	"5"	"1"	"5"	"1"	"5"	"5"	"1"	"1"	"1111"	"5"	"5"	"5"	"5"	"5"	"5"	"5"	"nan"	"zooprocess_zoopl_202205_130"	"20220802"	"12:39:00.000"	"8.03_picheral_cnrs"	"2400"	"nan"	"0"	"20220801_1024_background_narrow_manual.tif"	"8.09_2022/04/06_picheral_cnrs"	"243"	"0.0106"	"0.3"	"100"	"unused"	"0.0101"	"zooprocess_pid_to_ecotaxa_8.03_2021/11/10"	"d5_zoopl_202205_130"	"zooscan"	"10"	"200"	"32"	"motoda"	"hydroptic_v3"	"9.7.67"	"jonas"	"zooscan"	"20220802"	"12:34:00.000"	"nan"	"3"	"2"	"3"	"3"	"1"	"22192"	"46456"	"9706"	"4994"	"manual"	"no"	"668"	"55777"	"1.8"	"1.15"	"48502"
"zoopl_202205_130_d5_1_142.jpg"	0	"zoopl_202205_130_d5_1_142"	5.833333333333333	-5.833333333333333	"20220501"	"000000"	"http://www.zooscan.obs-vlfr.fr//"	1.0	5.0	"validated"	"Jonas Mortelmans"	"jonas.mortelmans@vliz.be"	"20220802"	"112145"	"artefact"	85008	5.833333333333333	-5.833333333333333	1234.0	242.47	1.711	243.0	236.0	250.0	36.56	24.94	36.56	24.94	910.2	19311.0	10369.0	76.0	54.0	50.0	31.4	27.3	0.019	78.2	299210.0	243.0	0.281	1.452	18.07	19369.0	10369.0	1011.0	1.389	707.0	0.458	240.0	241.0	242.0	0.0	0.0	0.0	0.0	0.0	0.0	0.0	0.0	0.0	0.0	0.0	3.922	4.159	3.0	3.0	256.0	2948.0	344.512	2.769	1.0	39.63808267566925	1.6129032258064515	14.0	-1.163833075734158	0.0	0.8248443106363674	14.285714285714285	28.619748599370972	2.453121308517512	11.666666666666666	18.2	0.015341867758866227	0.0	"zoopl_202205_130"	"nan"	"jonas"	"simon"	"lifewatch"	"130"	"5"	"ref"	"5"	"5"	"1"	"wp2"	"5"	"1"	"5"	"1"	"5"	"5"	"1"	"1"	"1111"	"5"	"5"	"5"	"5"	"5"	"5"	"5"	"nan"	"zooprocess_zoopl_202205_130"	"20220802"	"12:39:00.000"	"8.03_picheral_cnrs"	"2400"	"nan"	"0"	"20220801_1024_background_narrow_manual.tif"	"8.09_2022/04/06_picheral_cnrs"	"243"	"0.0106"	"0.3"	"100"	"unused"	"0.0101"	"zooprocess_pid_to_ecotaxa_8.03_2021/11/10"	"d5_zoopl_202205_130"	"zooscan"	"10"	"200"	"32"	"motoda"	"hydroptic_v3"	"9.7.67"	"jonas"	"zooscan"	"20220802"	"12:34:00.000"	"nan"	"3"	"2"	"3"	"3"	"1"	"22192"	"46456"	"9706"	"4994"	"manual"	"no"	"668"	"55777"	"1.8"	"1.15"	"48502"
"zoopl_202205_130_d5_1_143.jpg"	0	"zoopl_202205_130_d5_1_143"	5.833333333333333	-5.833333333333333	"20220501"	"000000"	"http://www.zooscan.obs-vlfr.fr//"	1.0	5.0	"validated"	"Jonas Mortelmans"	"jonas.mortelmans@vliz.be"	"20220802"	"112145"	"artefact"	85008	5.833333333333333	-5.833333333333333	665.0	228.57	17.422	242.0	143.0	245.0	17.03	19.98	17.07	20.15	224.63	22400.0	10441.0	39.0	46.0	39.7	21.3	59.4	0.166	53.1	151999.0	234.0	-2.277	5.966	1.05	22413.0	10441.0	658.0	1.157	151.0	0.104	222.0	233.0	239.0	0.0	0.0	2.0	2.0	0.0	0.0	0.0	0.0	0.0	0.0	0.0	3.317	3.472	4.0	4.0	166.0	1046.0	13.73	3.0	1.0	29.098183744847088	1.9047619047619047	102.0	-0.19200654434965536	0.0	7.437546484665529	16.666666666666664	8.771413225336318	2.0661551153014437	4.245283018867925	5.625	0.16333178991107825	0.0	"zoopl_202205_130"	"nan"	"jonas"	"simon"	"lifewatch"	"130"	"5"	"ref"	"5"	"5"	"1"	"wp2"	"5"	"1"	"5"	"1"	"5"	"5"	"1"	"1"	"1111"	"5"	"5"	"5"	"5"	"5"	"5"	"5"	"nan"	"zooprocess_zoopl_202205_130"	"20220802"	"12:39:00.000"	"8.03_picheral_cnrs"	"2400"	"nan"	"0"	"20220801_1024_background_narrow_manual.tif"	"8.09_2022/04/06_picheral_cnrs"	"243"	"0.0106"	"0.3"	"100"	"unused"	"0.0101"	"zooprocess_pid_to_ecotaxa_8.03_2021/11/10"	"d5_zoopl_202205_130"	"zooscan"	"10"	"200"	"32"	"motoda"	"hydroptic_v3"	"9.7.67"	"jonas"	"zooscan"	"20220802"	"12:34:00.000"	"nan"	"3"	"2"	"3"	"3"	"1"	"22192"	"46456"	"9706"	"4994"	"manual"	"no"	"668"	"55777"	"1.8"	"1.15"	"48502"
"zoopl_202205_130_d5_1_144.jpg"	0	"zoopl_202205_130_d5_1_144"	5.833333333333333	-5.833333333333333	"20220501"	"000000"	"http://www.zooscan.obs-vlfr.fr//"	1.0	5.0	"validated"	"Jonas Mortelmans"	"jonas.mortelmans@vliz.be"	"20220802"	"112145"	"artefact"	85008	5.833333333333333	-5.833333333333333	886.0	242.06	1.855	242.0	236.0	250.0	18.57	32.13	18.57	32.12	439.27	18287.0	10464.0	32.0	59.0	51.8	21.8	88.1	0.058	60.2	214461.0	242.0	0.281	1.13	16.48	18301.0	10464.0	740.0	1.298	430.0	0.298	240.0	241.0	242.0	0.0	0.0	0.0	1.0	0.0	0.0	0.0	0.0	0.0	0.0	0.0	2.879	3.03	4.0	4.0	178.0	1526.0	376.007	1.714	1.0	33.5870545989873	2.3636363636363638	14.0	-1.3102310231023093	0.0	0.8262414277451872	14.285714285714285	16.13796095495908	2.2056438662814233	7.316666666666666	8.442307692307692	0.04825169158849211	0.0	"zoopl_202205_130"	"nan"	"jonas"	"simon"	"lifewatch"	"130"	"5"	"ref"	"5"	"5"	"1"	"wp2"	"5"	"1"	"5"	"1"	"5"	"5"	"1"	"1"	"1111"	"5"	"5"	"5"	"5"	"5"	"5"	"5"	"nan"	"zooprocess_zoopl_202205_130"	"20220802"	"12:39:00.000"	"8.03_picheral_cnrs"	"2400"	"nan"	"0"	"20220801_1024_background_narrow_manual.tif"	"8.09_2022/04/06_picheral_cnrs"	"243"	"0.0106"	"0.3"	"100"	"unused"	"0.0101"	"zooprocess_pid_to_ecotaxa_8.03_2021/11/10"	"d5_zoopl_202205_130"	"zooscan"	"10"	"200"	"32"	"motoda"	"hydroptic_v3"	"9.7.67"	"jonas"	"zooscan"	"20220802"	"12:34:00.000"	"nan"	"3"	"2"	"3"	"3"	"1"	"22192"	"46456"	"9706"	"4994"	"manual"	"no"	"668"	"55777"	"1.8"	"1.15"	"48502"
"zoopl_202205_130_d5_1_145.jpg"	0	"zoopl_202205_130_d5_1_145"	5.833333333333333	-5.833333333333333	"20220501"	"000000"	"http://www.zooscan.obs-vlfr.fr//"	1.0	5.0	"validated"	"Jonas Mortelmans"	"jonas.mortelmans@vliz.be"	"20220802"	"112145"	"artefact"	85008	5.833333333333333	-5.833333333333333	1285.0	242.49	1.861	243.0	236.0	250.0	40.85	26.87	40.84	26.87	875.58	17641.0	10620.0	70.0	55.0	56.5	29.0	28.8	0.021	75.8	311605.0	243.0	0.319	1.102	20.47	17681.0	10620.0	1022.0	1.379	688.0	0.45	240.0	241.0	242.0	0.0	0.0	0.0	0.0	0.0	0.0	0.0	0.0	0.0	0.0	0.0	3.491	3.585	4.0	4.0	246.0	2583.0	414.473	2.647	1.0	40.44889139376608	1.9655172413793103	14.0	-1.1571648690292728	0.0	0.8247762794342034	14.285714285714285	27.401772622535624	2.3773227389414466	11.526315789473685	15.368421052631579	0.016736033923233296	0.0	"zoopl_202205_130"	"nan"	"jonas"	"simon"	"lifewatch"	"130"	"5"	"ref"	"5"	"5"	"1"	"wp2"	"5"	"1"	"5"	"1"	"5"	"5"	"1"	"1"	"1111"	"5"	"5"	"5"	"5"	"5"	"5"	"5"	"nan"	"zooprocess_zoopl_202205_130"	"20220802"	"12:39:00.000"	"8.03_picheral_cnrs"	"2400"	"nan"	"0"	"20220801_1024_background_narrow_manual.tif"	"8.09_2022/04/06_picheral_cnrs"	"243"	"0.0106"	"0.3"	"100"	"unused"	"0.0101"	"zooprocess_pid_to_ecotaxa_8.03_2021/11/10"	"d5_zoopl_202205_130"	"zooscan"	"10"	"200"	"32"	"motoda"	"hydroptic_v3"	"9.7.67"	"jonas"	"zooscan"	"20220802"	"12:34:00.000"	"nan"	"3"	"2"	"3"	"3"	"1"	"22192"	"46456"	"9706"	"4994"	"manual"	"no"	"668"	"55777"	"1.8"	"1.15"	"48502"
"zoopl_202205_130_d5_1_146.jpg"	0	"zoopl_202205_130_d5_1_146"	5.833333333333333	-5.833333333333333	"20220501"	"000000"	"http://www.zooscan.obs-vlfr.fr//"	1.0	5.0	"validated"	"Jonas Mortelmans"	"jonas.mortelmans@vliz.be"	"20220802"	"112137"	"fiber<detritus"	85076	5.833333333333333	-5.833333333333333	644.0	233.2	7.219	243.0	211.0	245.0	27.12	64.77	27.07	64.58	351.95	14966.0	10724.0	42.0	135.0	62.2	13.2	86.8	0.065	135.7	150178.0	234.0	-0.484	-0.685	0.31	14969.0	10724.0	642.0	1.122	153.0	0.11	227.0	233.0	239.0	0.0	0.0	0.0	1.0	0.0	0.0	0.0	0.0	0.0	0.0	0.0	21.026	21.114	24.0	24.0	350.0	3439.0	8.463	2.045	1.0	28.635053113438516	4.769230769230769	34.0	-0.5315315315315323	0.0	3.0017152658662094	20.588235294117645	13.892331868163907	5.367491858154237	2.588235294117647	5.67741935483871	0.0651117795585178	0.0	"zoopl_202205_130"	"nan"	"jonas"	"simon"	"lifewatch"	"130"	"5"	"ref"	"5"	"5"	"1"	"wp2"	"5"	"1"	"5"	"1"	"5"	"5"	"1"	"1"	"1111"	"5"	"5"	"5"	"5"	"5"	"5"	"5"	"nan"	"zooprocess_zoopl_202205_130"	"20220802"	"12:39:00.000"	"8.03_picheral_cnrs"	"2400"	"nan"	"0"	"20220801_1024_background_narrow_manual.tif"	"8.09_2022/04/06_picheral_cnrs"	"243"	"0.0106"	"0.3"	"100"	"unused"	"0.0101"	"zooprocess_pid_to_ecotaxa_8.03_2021/11/10"	"d5_zoopl_202205_130"	"zooscan"	"10"	"200"	"32"	"motoda"	"hydroptic_v3"	"9.7.67"	"jonas"	"zooscan"	"20220802"	"12:34:00.000"	"nan"	"3"	"2"	"3"	"3"	"1"	"22192"	"46456"	"9706"	"4994"	"manual"	"no"	"668"	"55777"	"1.8"	"1.15"	"48502"
"zoopl_202205_130_d5_1_147.jpg"	0	"zoopl_202205_130_d5_1_147"	5.833333333333333	-5.833333333333333	"20220501"	"000000"	"http://www.zooscan.obs-vlfr.fr//"	1.0	5.0	"validated"	"Jonas Mortelmans"	"jonas.mortelmans@vliz.be"	"20220802"	"112145"	"artefact"	85008	5.833333333333333	-5.833333333333333	1106.0	242.34	1.816	243.0	236.0	248.0	23.72	30.51	23.72	30.51	593.29	16940.0	10766.0	49.0	51.0	44.6	31.6	98.8	0.039	58.6	268023.0	242.0	-0.088	0.635	20.61	16954.0	10766.0	878.0	1.357	602.0	0.373	240.0	241.0	242.0	0.0	0.0	0.0	0.0	0.0	0.0	0.0	0.0	0.0	0.0	0.0	2.333	2.489	3.0	3.0	196.0	1933.0	263.387	2.25	1.0	37.526030118800065	1.40625	12.0	-0.8927444794952671	0.0	0.8252867871585375	16.666666666666664	20.012780654412822	1.9911535558353397	10.05084745762712	13.177777777777777	0.03137581338040874	0.0	"zoopl_202205_130"	"nan"	"jonas"	"simon"	"lifewatch"	"130"	"5"	"ref"	"5"	"5"	"1"	"wp2"	"5"	"1"	"5"	"1"	"5"	"5"	"1"	"1"	"1111"	"5"	"5"	"5"	"5"	"5"	"5"	"5"	"nan"	"zooprocess_zoopl_202205_130"	"20220802"	"12:39:00.000"	"8.03_picheral_cnrs"	"2400"	"nan"	"0"	"20220801_1024_background_narrow_manual.tif"	"8.09_2022/04/06_picheral_cnrs"	"243"	"0.0106"	"0.3"	"100"	"unused"	"0.0101"	"zooprocess_pid_to_ecotaxa_8.03_2021/11/10"	"d5_zoopl_202205_130"	"zooscan"	"10"	"200"	"32"	"motoda"	"hydroptic_v3"	"9.7.67"	"jonas"	"zooscan"	"20220802"	"12:34:00.000"	"nan"	"3"	"2"	"3"	"3"	"1"	"22192"	"46456"	"9706"	"4994"	"manual"	"no"	"668"	"55777"	"1.8"	"1.15"	"48502"
"zoopl_202205_130_d5_1_148.jpg"	0	"zoopl_202205_130_d5_1_148"	5.833333333333333	-5.833333333333333	"20220501"	"000000"	"http://www.zooscan.obs-vlfr.fr//"	1.0	5.0	"validated"	"Jonas Mortelmans"	"jonas.mortelmans@vliz.be"	"20220802"	"112145"	"artefact"	85008	5.833333333333333	-5.833333333333333	996.0	239.78	2.785	243.0	231.0	246.0	17.72	26.23	17.72	26.26	316.66	22916.0	10788.0	41.0	48.0	42.2	30.1	105.6	0.125	50.2	238817.0	240.0	-0.466	-0.215	4.32	22928.0	10788.0	953.0	1.228	329.0	0.271	237.0	239.0	241.0	0.0	0.0	1.0	1.0	0.0	0.0	0.0	0.0	0.0	0.0	0.0	2.336	2.478	2.0	2.0	174.0	1410.0	195.965	4.31	1.0	35.61104585035691	1.4	15.0	-0.7084282460136672	0.0	1.2511468846442573	20.0	10.26863724200903	1.6196588709793422	6.34	7.5476190476190474	0.11917474743986199	0.0	"zoopl_202205_130"	"nan"	"jonas"	"simon"	"lifewatch"	"130"	"5"	"ref"	"5"	"5"	"1"	"wp2"	"5"	"1"	"5"	"1"	"5"	"5"	"1"	"1"	"1111"	"5"	"5"	"5"	"5"	"5"	"5"	"5"	"nan"	"zooprocess_zoopl_202205_130"	"20220802"	"12:39:00.000"	"8.03_picheral_cnrs"	"2400"	"nan"	"0"	"20220801_1024_background_narrow_manual.tif"	"8.09_2022/04/06_picheral_cnrs"	"243"	"0.0106"	"0.3"	"100"	"unused"	"0.0101"	"zooprocess_pid_to_ecotaxa_8.03_2021/11/10"	"d5_zoopl_202205_130"	"zooscan"	"10"	"200"	"32"	"motoda"	"hydroptic_v3"	"9.7.67"	"jonas"	"zooscan"	"20220802"	"12:34:00.000"	"nan"	"3"	"2"	"3"	"3"	"1"	"22192"	"46456"	"9706"	"4994"	"manual"	"no"	"668"	"55777"	"1.8"	"1.15"	"48502"
"zoopl_202205_130_d5_1_149.jpg"	0	"zoopl_202205_130_d5_1_149"	5.833333333333333	-5.833333333333333	"20220501"	"000000"	"http://www.zooscan.obs-vlfr.fr//"	1.0	5.0	"validated"	"Jonas Mortelmans"	"jonas.mortelmans@vliz.be"	"20220802"	"112145"	"artefact"	85008	5.833333333333333	-5.833333333333333	827.0	242.52	1.951	243.0	238.0	252.0	35.4	20.41	35.41	20.41	629.34	16614.0	10863.0	72.0	43.0	54.7	19.2	157.7	0.026	74.3	200564.0	243.0	0.556	1.128	21.89	16650.0	10863.0	646.0	1.307	478.0	0.277	240.0	241.0	242.0	0.0	0.0	0.0	0.0	0.0	0.0	0.0	0.0	0.0	0.0	0.0	5.086	5.194	4.0	4.0	226.0	1866.0	618.236	3.556	1.0	32.44948541188257	2.8947368421052633	14.0	-2.0973451327433557	0.0	0.8246742536698003	14.285714285714285	24.74767400021773	2.911491058849145	8.5	11.436363636363636	0.020518286570087592	0.0	"zoopl_202205_130"	"nan"	"jonas"	"simon"	"lifewatch"	"130"	"5"	"ref"	"5"	"5"	"1"	"wp2"	"5"	"1"	"5"	"1"	"5"	"5"	"1"	"1"	"1111"	"5"	"5"	"5"	"5"	"5"	"5"	"5"	"nan"	"zooprocess_zoopl_202205_130"	"20220802"	"12:39:00.000"	"8.03_picheral_cnrs"	"2400"	"nan"	"0"	"20220801_1024_background_narrow_manual.tif"	"8.09_2022/04/06_picheral_cnrs"	"243"	"0.0106"	"0.3"	"100"	"unused"	"0.0101"	"zooprocess_pid_to_ecotaxa_8.03_2021/11/10"	"d5_zoopl_202205_130"	"zooscan"	"10"	"200"	"32"	"motoda"	"hydroptic_v3"	"9.7.67"	"jonas"	"zooscan"	"20220802"	"12:34:00.000"	"nan"	"3"	"2"	"3"	"3"	"1"	"22192"	"46456"	"9706"	"4994"	"manual"	"no"	"668"	"55777"	"1.8"	"1.15"	"48502"
"zoopl_202205_130_d5_1_150.jpg"	0	"zoopl_202205_130_d5_1_150"	5.833333333333333	-5.833333333333333	"20220501"	"000000"	"http://www.zooscan.obs-vlfr.fr//"	1.0	5.0	"validated"	"Jonas Mortelmans"	"jonas.mortelmans@vliz.be"	"20220802"	"112145"	"artefact"	85008	5.833333333333333	-5.833333333333333	1591.0	241.78	1.997	243.0	237.0	249.0	29.68	32.07	29.68	32.07	662.65	16123.0	10885.0	54.0	65.0	65.9	30.7	112.1	0.046	73.5	384668.0	242.0	0.039	0.433	14.46	16140.0	10885.0	1361.0	1.391	814.0	0.513	239.0	241.0	242.0	0.0	0.0	0.0	0.0	0.0	0.0	0.0	0.0	0.0	0.0	0.0	2.563	2.674	3.0	3.0	234.0	2508.0	267.484	3.111	1.0	45.00804501057165	2.129032258064516	12.0	-1.5104602510460245	0.0	0.8271982794275788	16.666666666666664	17.97150573460239	2.0058694183417445	8.95945945945946	10.045454545454545	0.03890818143714146	0.0	"zoopl_202205_130"	"nan"	"jonas"	"simon"	"lifewatch"	"130"	"5"	"ref"	"5"	"5"	"1"	"wp2"	"5"	"1"	"5"	"1"	"5"	"5"	"1"	"1"	"1111"	"5"	"5"	"5"	"5"	"5"	"5"	"5"	"nan"	"zooprocess_zoopl_202205_130"	"20220802"	"12:39:00.000"	"8.03_picheral_cnrs"	"2400"	"nan"	"0"	"20220801_1024_background_narrow_manual.tif"	"8.09_2022/04/06_picheral_cnrs"	"243"	"0.0106"	"0.3"	"100"	"unused"	"0.0101"	"zooprocess_pid_to_ecotaxa_8.03_2021/11/10"	"d5_zoopl_202205_130"	"zooscan"	"10"	"200"	"32"	"motoda"	"hydroptic_v3"	"9.7.67"	"jonas"	"zooscan"	"20220802"	"12:34:00.000"	"nan"	"3"	"2"	"3"	"3"	"1"	"22192"	"46456"	"9706"	"4994"	"manual"	"no"	"668"	"55777"	"1.8"	"1.15"	"48502"
